StudentID,Name,Gender,Age,Year,Department,IQ_Score,Daily_Study_Hours,MajorSubject1_Grade,MajorSubject2_Grade,MajorSubject3_Grade,MajorSubject4_Grade,Sports_Involvement,Expected_Result
S1001,Mia Brown,Male,20,Third,Business,123,1.5,B,C,D,D,No,1.22
S1002,Olivia Garcia,Female,20,Second,Science,123,3.7,E,C,A,A,Yes,3.01
S1003,Amelia Lee,Female,18,Second,Science,136,3.0,C,D,A,E,No,2.21
S1004,Isabella Williams,Female,23,Fourth,Business,92,3.2,C,B,B,B,Yes,3.48
S1005,Evelyn Martin,Female,23,First,Science,139,2.6,B,F,C,B,No,1.87
S1006,Oliver Jackson,Male,22,Fourth,Arts,116,3.6,A,A,B,D,Yes,3.1
S1007,Noah Davis,Male,18,Fourth,Business,131,5.3,C,E,C,C,No,4.05
S1008,Amelia Hernandez,Male,22,First,Arts,105,1.6,D,A,F,F,No,1.52
S1009,Ethan Brown,Male,21,Third,Science,128,4.4,C,B,A,C,No,3.44
S1010,Aiden Jackson,Male,18,Fourth,Science,96,1.4,B,D,B,B,No,1.46
S1011,Amelia Miller,Male,24,Fourth,Arts,127,3.8,B,B,B,A,No,2.99
S1012,Evelyn Williams,Male,19,Second,Business,102,3.8,D,E,A,B,No,3.73
S1013,Isabella Wilson,Female,18,Third,Business,106,2.0,D,E,B,B,No,1.89
S1014,Caden Wilson,Female,20,Second,Engineering,108,3.3,A,A,D,D,No,3.06
S1015,Lucas Wilson,Male,19,First,Engineering,113,4.4,B,A,D,B,No,3.89
S1016,Ava Lopez,Male,20,Second,Engineering,86,4.6,F,C,C,C,No,5.35
S1017,Caden Martin,Female,23,First,Arts,110,4.7,B,B,F,F,No,4.27
S1018,Mia Hernandez,Female,18,Fourth,Arts,122,3.8,B,B,C,D,Yes,3.11
S1019,Mason Hernandez,Female,19,Third,Science,94,3.5,D,E,B,D,No,3.72
S1020,Oliver Lopez,Male,24,First,Arts,121,4.1,B,B,B,A,No,3.39
S1021,Noah Taylor,Male,23,Third,Business,120,1.3,A,C,B,A,No,1.08
S1022,Harper Martinez,Male,18,Fourth,Arts,112,5.6,C,B,C,B,Yes,5.0
S1023,Emma Garcia,Male,18,Third,Science,111,5.4,C,B,C,E,No,4.86
S1024,Elijah Miller,Male,18,Second,Engineering,104,3.2,B,B,F,B,No,3.08
S1025,Ethan Garcia,Female,21,Third,Business,103,1.3,A,D,E,D,Yes,1.26
S1026,Elijah Jones,Female,19,Second,Science,115,5.6,C,B,B,A,Yes,4.87
S1027,Elijah Martin,Other,23,Third,Engineering,107,2.9,B,B,D,B,Yes,2.71
S1028,Mia Moore,Female,18,Second,Science,127,1.6,C,D,E,D,Yes,1.26
S1029,Amelia Garcia,Female,23,Fourth,Engineering,103,1.6,D,C,D,C,No,1.55
S1030,Lucas Davis,Male,22,Second,Engineering,110,5.3,C,B,C,A,No,4.82
S1031,Mia Gonzalez,Male,18,First,Science,130,5.6,F,D,D,C,No,4.31
S1032,Caden Williams,Male,20,Fourth,Engineering,121,4.3,C,F,B,D,No,3.55
S1033,Mia Lee,Male,23,Second,Science,118,3.5,E,A,D,C,Yes,2.97
S1034,Oliver Moore,Female,20,Third,Science,89,2.2,C,C,F,D,Yes,2.47
S1035,Olivia Anderson,Female,23,Second,Business,125,3.2,F,B,B,B,No,2.56
S1036,Charlotte Hernandez,Female,19,Fourth,Science,107,5.1,A,C,B,B,No,4.77
S1037,Noah Moore,Female,22,Third,Arts,83,5.4,B,D,E,A,No,6.51
S1038,Mia Johnson,Male,22,Fourth,Engineering,121,4.1,F,A,F,B,Yes,3.39
S1039,Sophia Miller,Female,18,Fourth,Arts,104,2.9,C,D,C,C,Yes,2.79
S1040,Mia Anderson,Female,23,Second,Engineering,101,2.9,C,C,B,C,No,2.87
S1041,Ethan Martinez,Male,23,First,Science,103,4.3,E,C,D,F,Yes,4.17
S1042,Emma Garcia,Female,20,Second,Arts,99,2.6,A,C,E,D,Yes,2.63
S1043,Amelia Johnson,Male,21,Third,Science,120,4.9,B,E,A,B,No,4.08
S1044,Mason Lopez,Female,20,First,Arts,101,3.4,D,B,E,C,No,3.37
S1045,Amelia Lopez,Male,22,First,Business,109,2.9,A,C,E,B,Yes,2.66
S1046,Emma Taylor,Male,19,Third,Business,111,2.5,B,D,B,B,Yes,2.25
S1047,Lucas Williams,Male,22,Third,Arts,93,3.7,C,A,C,D,No,3.98
S1048,Aiden Thomas,Male,24,First,Arts,99,4.9,C,B,E,C,Yes,4.95
S1049,Ethan Moore,Male,21,Fourth,Science,95,5.6,F,A,D,D,Yes,5.89
S1050,Evelyn Anderson,Male,21,First,Science,82,5.3,C,B,B,A,Yes,6.46
S1051,Noah Martinez,Female,21,Second,Engineering,114,3.3,B,A,B,B,No,2.89
S1052,Elijah Miller,Female,24,Third,Business,118,1.6,E,A,E,A,Yes,1.36
S1053,Evelyn Jones,Female,19,Third,Engineering,105,3.0,E,B,A,C,No,2.86
S1054,Mason Garcia,Male,24,Fourth,Engineering,112,5.9,E,E,B,F,No,5.27
S1055,Lucas Smith,Male,23,First,Engineering,110,4.6,A,F,D,D,No,4.18
S1056,Amelia Lee,Female,20,Third,Business,130,5.0,A,A,B,A,Yes,3.85
S1057,Mia Davis,Male,19,Fourth,Arts,99,4.4,E,A,F,E,No,4.44
S1058,Charlotte Williams,Female,20,Third,Engineering,93,2.9,C,B,C,D,Yes,3.12
S1059,Ava Lee,Female,24,First,Science,99,3.0,A,F,C,E,No,3.03
S1060,Oliver Martin,Male,24,Third,Arts,118,1.7,E,A,D,B,No,1.44
S1061,Elijah Gonzalez,Male,19,Second,Engineering,113,1.2,B,C,C,C,No,1.06
S1062,Sophia Martinez,Male,19,Second,Science,81,3.4,C,B,D,B,No,4.2
S1063,Aiden Johnson,Male,22,First,Business,105,1.4,D,A,B,C,No,1.33
S1064,Isabella Wilson,Female,22,Fourth,Science,118,5.4,B,B,E,E,No,4.58
S1065,Emma Taylor,Female,22,Third,Arts,99,3.5,D,B,B,B,Yes,3.54
S1066,Amelia Martin,Other,21,Third,Arts,113,4.9,A,A,B,C,No,4.34
S1067,Mia Brown,Male,24,Fourth,Business,131,5.1,A,B,C,C,No,3.89
S1068,Liam Hernandez,Female,23,Second,Arts,115,4.7,E,C,C,F,No,4.09
S1069,Caden Johnson,Male,21,Second,Engineering,82,3.2,B,D,B,B,No,3.9
S1070,Sophia Davis,Male,18,Fourth,Arts,109,1.3,C,E,B,A,No,1.19
S1071,Olivia Miller,Female,24,Third,Science,110,1.5,B,B,B,A,Yes,1.36
S1072,Caden Lee,Female,22,Third,Science,97,2.7,C,D,B,D,No,2.78
S1073,Mason Miller,Male,23,First,Science,107,3.2,D,C,D,A,No,2.99
S1074,Caden Lee,Female,20,Fourth,Arts,114,3.1,B,D,A,E,No,2.72
S1075,Evelyn Davis,Female,22,First,Business,86,1.1,A,B,B,B,Yes,1.28
S1076,Oliver Gonzalez,Female,24,Second,Science,103,5.9,A,B,B,E,Yes,5.73
S1077,Isabella Anderson,Female,23,Third,Business,112,2.3,D,E,B,E,No,2.05
S1078,Oliver Wilson,Other,18,Third,Arts,109,4.6,C,D,C,F,Yes,4.22
S1079,Sophia Moore,Male,18,Third,Engineering,105,1.1,B,C,B,C,No,1.05
S1080,Evelyn Jones,Male,22,First,Engineering,125,1.1,C,D,B,A,No,0.88
S1081,Olivia Martinez,Female,18,First,Arts,110,5.6,D,B,E,A,No,5.09
S1082,Mia Jones,Female,20,Third,Arts,105,2.0,D,B,B,B,No,1.9
S1083,Mason Davis,Male,18,Fourth,Arts,123,3.1,B,C,B,A,Yes,2.52
S1084,Evelyn Martinez,Female,24,Fourth,Engineering,95,4.3,D,C,A,D,Yes,4.53
S1085,Sophia Moore,Female,20,Second,Arts,89,5.5,A,C,F,A,Yes,6.18
S1086,Sophia Garcia,Male,24,Second,Engineering,115,1.6,A,D,E,D,No,1.39
S1087,Isabella Gonzalez,Other,19,Third,Engineering,111,2.5,D,D,B,A,Yes,2.25
S1088,Charlotte Davis,Female,20,Fourth,Engineering,112,3.0,B,A,E,A,Yes,2.68
S1089,Evelyn Jackson,Male,24,Second,Science,108,5.9,D,E,A,E,Yes,5.46
S1090,Amelia Moore,Female,19,First,Business,118,1.6,B,D,A,D,Yes,1.36
S1091,Emma Johnson,Male,21,First,Arts,101,2.5,D,C,D,B,Yes,2.48
S1092,Noah Williams,Female,23,First,Arts,109,5.7,D,A,D,F,No,5.23
S1093,Oliver Anderson,Male,23,Fourth,Science,113,5.8,D,E,A,D,No,5.13
S1094,Evelyn Smith,Female,21,Fourth,Science,124,1.8,D,B,B,D,Yes,1.45
S1095,Mia Thomas,Female,22,Third,Arts,122,3.3,D,C,A,B,No,2.7
S1096,Oliver Lee,Male,22,Fourth,Engineering,135,2.9,C,C,A,B,Yes,2.15
S1097,Lucas Wilson,Female,23,Third,Science,108,1.0,C,F,B,A,No,0.93
S1098,Aiden Smith,Female,19,First,Science,122,2.3,C,D,B,B,No,1.89
S1099,Evelyn Jackson,Male,22,Second,Science,111,2.1,D,E,C,E,No,1.89
S1100,Aiden Davis,Female,19,Fourth,Arts,142,3.5,C,E,E,E,No,2.46
S1101,Charlotte Moore,Female,22,Fourth,Arts,125,1.6,D,C,A,C,No,1.28
S1102,Harper Moore,Female,18,Third,Engineering,107,5.6,A,D,B,B,No,5.23
S1103,Olivia Johnson,Male,18,Fourth,Arts,111,1.9,E,D,C,D,No,1.71
S1104,Amelia Taylor,Female,20,Second,Arts,79,2.5,D,D,E,C,Yes,3.16
S1105,Oliver Brown,Female,23,First,Arts,100,2.8,B,D,C,A,No,2.8
S1106,Oliver Brown,Female,20,First,Business,104,3.1,E,E,B,C,No,2.98
S1107,Ava Anderson,Female,23,First,Business,117,5.3,E,D,E,C,No,4.53
S1108,Mia Moore,Female,22,Third,Engineering,100,5.5,C,D,C,B,No,5.5
S1109,Amelia Taylor,Male,24,Fourth,Engineering,103,5.7,C,C,D,E,Yes,5.53
S1110,Harper Williams,Male,20,First,Engineering,119,1.9,D,D,C,C,No,1.6
S1111,Evelyn Johnson,Male,24,Second,Science,89,5.0,D,C,C,A,No,5.62
S1112,Emma Williams,Female,22,Third,Engineering,101,3.8,A,C,C,E,No,3.76
S1113,Amelia Miller,Male,24,Fourth,Business,85,4.0,B,A,D,B,No,4.71
S1114,Noah Anderson,Female,21,Fourth,Science,103,4.5,D,C,B,A,Yes,4.37
S1115,Isabella Davis,Male,20,Third,Engineering,105,5.0,C,F,A,C,No,4.76
S1116,Aiden Thomas,Female,24,Fourth,Business,106,1.0,C,A,D,F,Yes,0.94
S1117,Lucas Lee,Female,21,First,Business,109,2.5,C,B,D,C,Yes,2.29
S1118,Caden Johnson,Male,20,Fourth,Engineering,98,4.8,D,E,A,B,No,4.9
S1119,Oliver Brown,Male,23,Fourth,Business,99,2.1,A,A,C,C,Yes,2.12
S1120,Emma Gonzalez,Male,21,Fourth,Science,113,3.2,B,C,C,B,No,2.83
S1121,Liam Taylor,Female,22,Fourth,Engineering,137,1.9,E,C,C,F,No,1.39
S1122,Noah Williams,Female,21,Third,Arts,110,1.5,C,C,B,D,Yes,1.36
S1123,Isabella Garcia,Male,24,Second,Engineering,98,5.6,E,A,A,C,No,5.71
S1124,Ava Lopez,Female,22,Third,Business,101,4.4,C,B,F,B,Yes,4.36
S1125,Isabella Martin,Male,20,First,Engineering,103,4.5,D,C,D,D,No,4.37
S1126,Liam Miller,Female,20,Third,Engineering,129,1.5,D,E,C,B,No,1.16
S1127,Ava Martinez,Male,19,Second,Business,112,2.4,B,D,A,E,No,2.14
S1128,Isabella Lopez,Female,23,Second,Arts,108,4.2,B,B,B,C,No,3.89
S1129,Olivia Martinez,Female,18,Third,Science,117,1.9,C,D,C,A,No,1.62
S1130,Liam Brown,Male,19,Fourth,Engineering,110,4.4,E,A,C,E,No,4.0
S1131,Ethan Johnson,Male,23,Fourth,Arts,115,1.2,E,C,B,A,No,1.04
S1132,Aiden Garcia,Male,23,Fourth,Business,104,5.5,C,D,C,D,No,5.29
S1133,Oliver Johnson,Male,21,Fourth,Business,120,2.4,B,C,C,B,No,2.0
S1134,Charlotte Martin,Male,19,Second,Business,103,5.0,C,A,A,F,No,4.85
S1135,Elijah Jones,Female,19,First,Business,105,5.6,B,B,A,C,No,5.33
S1136,Emma Thomas,Male,19,Fourth,Business,118,4.4,D,C,D,C,No,3.73
S1137,Jacob Taylor,Female,19,First,Engineering,111,4.9,C,E,B,D,Yes,4.41
S1138,Noah Miller,Female,23,Third,Arts,113,5.7,E,C,D,F,Yes,5.04
S1139,Ava Johnson,Female,19,Fourth,Engineering,120,3.1,C,C,C,B,No,2.58
S1140,Elijah Martin,Male,22,Fourth,Science,89,1.4,C,B,A,C,Yes,1.57
S1141,Charlotte Smith,Female,18,Fourth,Business,103,3.7,B,C,D,E,Yes,3.59
S1142,Oliver Moore,Female,24,First,Business,118,3.3,A,D,D,D,No,2.8
S1143,Elijah Moore,Female,23,Third,Science,114,5.4,B,B,E,B,Yes,4.74
S1144,Mason Taylor,Female,24,Fourth,Science,115,5.2,A,B,D,B,No,4.52
S1145,Amelia Thomas,Male,22,Fourth,Business,106,4.7,F,D,A,B,No,4.43
S1146,Caden Taylor,Male,23,Second,Business,127,1.6,C,E,D,B,No,1.26
S1147,Noah Garcia,Male,23,First,Science,114,5.4,C,F,D,C,No,4.74
S1148,Liam Lopez,Female,22,First,Arts,99,5.1,D,C,B,B,No,5.15
S1149,Sophia Moore,Male,24,Second,Arts,118,1.7,C,A,B,D,Yes,1.44
S1150,Harper Brown,Female,20,First,Business,109,3.6,A,D,A,C,Yes,3.3
S1151,Oliver Miller,Female,18,First,Science,103,4.4,B,E,B,D,No,4.27
S1152,Sophia Taylor,Female,18,Fourth,Business,101,5.7,B,E,B,C,No,5.64
S1153,Lucas Johnson,Female,19,Fourth,Arts,113,3.7,F,C,B,B,Yes,3.27
S1154,Mason Williams,Male,19,First,Engineering,110,4.8,B,A,C,B,Yes,4.36
S1155,Liam Johnson,Female,20,First,Arts,133,2.4,B,B,B,F,Yes,1.8
S1156,Aiden Martinez,Female,20,Fourth,Business,78,5.3,D,B,B,C,No,6.79
S1157,Aiden Jones,Female,24,Third,Engineering,108,3.9,B,D,D,A,No,3.61
S1158,Mason Martin,Female,20,Third,Arts,97,1.6,F,E,F,B,Yes,1.65
S1159,Sophia Hernandez,Female,18,Third,Business,112,6.0,D,A,B,B,Yes,5.36
S1160,Isabella Davis,Female,24,Second,Arts,108,4.0,C,A,B,A,No,3.7
S1161,Lucas Hernandez,Male,23,Third,Engineering,123,1.3,C,E,C,A,Yes,1.06
S1162,Caden Lopez,Female,19,First,Engineering,92,5.3,F,A,A,D,No,5.76
S1163,Jacob Martinez,Male,23,Fourth,Arts,127,3.1,B,C,A,B,No,2.44
S1164,Charlotte Garcia,Female,20,First,Science,90,4.1,E,E,B,B,No,4.56
S1165,Lucas Hernandez,Male,22,First,Business,116,4.4,B,B,A,A,No,3.79
S1166,Amelia Anderson,Female,21,Fourth,Business,110,3.0,C,B,C,C,Yes,2.73
S1167,Jacob Moore,Male,24,Third,Engineering,124,4.8,A,D,B,A,No,3.87
S1168,Ethan Taylor,Male,21,Third,Science,124,1.3,E,B,D,A,No,1.05
S1169,Isabella Miller,Male,21,Third,Arts,114,4.2,A,E,A,D,Yes,3.68
S1170,Isabella Garcia,Female,23,First,Engineering,100,6.0,B,D,B,A,No,6.0
S1171,Jacob Martin,Female,19,Second,Business,99,2.2,B,C,F,C,Yes,2.22
S1172,Lucas Hernandez,Male,19,Fourth,Arts,99,4.2,C,A,C,C,Yes,4.24
S1173,Mia Taylor,Female,24,Second,Arts,110,4.9,E,A,B,C,Yes,4.45
S1174,Isabella Smith,Female,22,Second,Business,118,3.9,A,A,E,D,Yes,3.31
S1175,Mason Anderson,Male,23,Fourth,Business,116,5.2,E,B,A,A,No,4.48
S1176,Oliver Thomas,Male,23,First,Business,137,3.4,C,C,D,C,No,2.48
S1177,Harper Taylor,Female,20,Second,Science,91,2.9,F,F,A,D,No,3.19
S1178,Isabella Davis,Female,24,Third,Business,129,3.5,D,C,C,B,No,2.71
S1179,Harper Moore,Male,20,Fourth,Business,127,1.3,B,B,A,B,No,1.02
S1180,Liam Wilson,Male,23,Third,Engineering,94,2.7,B,A,D,C,No,2.87
S1181,Oliver Thomas,Male,20,First,Science,106,4.5,D,A,B,C,No,4.25
S1182,Caden Davis,Other,21,Fourth,Science,96,2.4,E,D,B,B,No,2.5
S1183,Harper Thomas,Male,24,Second,Science,107,1.2,C,D,B,B,Yes,1.12
S1184,Liam Jones,Male,22,Third,Science,124,4.6,B,C,E,D,No,3.71
S1185,Sophia Lee,Male,21,Third,Business,102,5.4,B,A,D,C,Yes,5.29
S1186,Ethan Williams,Female,20,Third,Arts,123,5.1,B,B,D,B,Yes,4.15
S1187,Evelyn Martin,Male,24,Second,Engineering,122,5.9,B,C,A,B,No,4.84
S1188,Mia Garcia,Male,23,Second,Engineering,96,2.8,A,A,C,A,Yes,2.92
S1189,Lucas Garcia,Female,22,Second,Science,112,4.7,A,E,E,C,No,4.2
S1190,Noah Smith,Female,22,First,Arts,94,3.6,A,D,B,E,No,3.83
S1191,Amelia Lee,Male,18,First,Business,109,3.1,E,B,C,D,No,2.84
S1192,Mason Lee,Male,18,Second,Engineering,96,5.6,B,E,C,C,No,5.83
S1193,Harper Smith,Female,21,Fourth,Arts,101,1.4,C,A,D,C,No,1.39
S1194,Aiden Miller,Male,21,Fourth,Science,88,4.7,B,E,C,B,No,5.34
S1195,Mia Williams,Female,21,Fourth,Arts,108,1.9,A,C,B,D,Yes,1.76
S1196,Harper Jones,Other,24,Fourth,Arts,121,1.3,D,B,D,C,Yes,1.07
S1197,Sophia Lopez,Female,23,First,Arts,90,3.8,B,B,B,C,No,4.22
S1198,Sophia Miller,Male,22,First,Arts,104,2.6,F,B,B,D,No,2.5
S1199,Aiden Johnson,Male,20,First,Arts,98,4.2,B,B,E,E,No,4.29
S1200,Caden Martin,Female,20,First,Engineering,89,5.5,B,B,C,C,Yes,6.18
S1201,Olivia Williams,Female,24,Third,Arts,98,1.4,B,E,C,A,Yes,1.43
S1202,Noah Lee,Male,23,Second,Business,112,5.3,A,A,C,F,No,4.73
S1203,Aiden Moore,Male,20,Third,Arts,119,5.6,B,C,C,D,Yes,4.71
S1204,Evelyn Jackson,Female,20,Third,Science,114,5.6,C,C,C,A,No,4.91
S1205,Charlotte Hernandez,Other,20,Fourth,Arts,92,3.1,E,B,B,D,No,3.37
S1206,Mason Brown,Female,21,Second,Arts,127,5.9,A,A,B,C,Yes,4.65
S1207,Mason Martin,Male,18,First,Business,108,5.1,D,E,C,D,Yes,4.72
S1208,Evelyn Jones,Female,20,Third,Science,110,2.5,C,F,C,C,Yes,2.27
S1209,Ava Thomas,Female,18,First,Arts,106,2.1,A,B,A,B,No,1.98
S1210,Amelia Anderson,Male,22,Third,Arts,100,2.7,C,B,C,D,Yes,2.7
S1211,Amelia Brown,Male,22,First,Engineering,117,4.9,C,B,B,A,No,4.19
S1212,Olivia Thomas,Female,20,Fourth,Business,128,2.9,A,B,D,E,No,2.27
S1213,Ava Johnson,Female,18,Third,Arts,113,1.6,E,C,F,C,Yes,1.42
S1214,Charlotte Gonzalez,Female,19,Fourth,Arts,125,4.1,D,A,A,A,No,3.28
S1215,Ava Martin,Female,18,Fourth,Business,112,4.8,C,A,E,C,Yes,4.29
S1216,Charlotte Gonzalez,Female,24,Fourth,Science,108,2.5,C,B,D,D,Yes,2.31
S1217,Noah Anderson,Male,22,Fourth,Science,78,1.7,C,B,F,A,No,2.18
S1218,Evelyn Wilson,Male,18,First,Engineering,104,1.3,A,E,E,C,No,1.25
S1219,Ethan Lee,Female,19,Third,Science,97,5.4,B,B,D,E,Yes,5.57
S1220,Liam Brown,Male,21,Second,Arts,112,5.4,E,C,D,D,Yes,4.82
S1221,Oliver Brown,Female,24,Third,Arts,93,5.5,C,B,C,B,No,5.91
S1222,Evelyn Miller,Female,18,First,Engineering,110,3.4,B,C,B,B,No,3.09
S1223,Emma Moore,Female,19,First,Science,107,2.7,D,A,B,D,Yes,2.52
S1224,Olivia Miller,Female,19,Fourth,Science,112,5.9,A,B,C,E,No,5.27
S1225,Ethan Wilson,Female,20,Third,Arts,111,3.7,D,B,C,D,Yes,3.33
S1226,Olivia Anderson,Male,20,Fourth,Business,128,1.7,D,F,C,F,No,1.33
S1227,Amelia Miller,Male,24,Third,Business,99,5.1,C,D,B,D,No,5.15
S1228,Liam Gonzalez,Male,22,Third,Engineering,90,6.0,D,B,F,B,No,6.67
S1229,Mason Gonzalez,Other,19,Fourth,Science,95,3.8,B,F,B,F,No,4.0
S1230,Noah Johnson,Female,23,First,Business,106,3.5,B,B,B,D,No,3.3
S1231,Lucas Williams,Female,18,Fourth,Engineering,101,4.8,C,E,E,D,No,4.75
S1232,Evelyn Lee,Male,20,Fourth,Engineering,118,3.7,B,D,D,C,No,3.14
S1233,Oliver Wilson,Male,19,Second,Science,118,1.5,B,B,C,A,Yes,1.27
S1234,Mia Martinez,Male,18,Third,Arts,121,2.6,A,D,B,B,No,2.15
S1235,Jacob Martin,Male,19,Second,Science,98,2.6,B,B,C,A,No,2.65
S1236,Jacob Miller,Male,24,Second,Arts,106,3.6,E,A,A,D,No,3.4
S1237,Ava Lee,Male,22,Second,Business,118,1.9,A,A,C,A,No,1.61
S1238,Evelyn Garcia,Female,23,First,Science,133,4.3,E,B,F,F,No,3.23
S1239,Oliver Jackson,Female,18,Third,Engineering,111,5.1,B,D,B,E,No,4.59
S1240,Harper Wilson,Male,20,First,Arts,118,5.8,A,C,A,B,Yes,4.92
S1241,Harper Martin,Male,18,Fourth,Engineering,116,3.4,E,B,B,B,No,2.93
S1242,Isabella Moore,Male,19,Third,Engineering,132,4.7,B,B,D,D,No,3.56
S1243,Charlotte Martinez,Female,22,Fourth,Business,94,1.6,A,B,C,A,Yes,1.7
S1244,Aiden Martinez,Male,24,Third,Engineering,128,4.5,B,B,E,A,Yes,3.52
S1245,Harper Wilson,Female,19,Third,Business,114,4.6,E,C,C,B,No,4.04
S1246,Charlotte Jones,Female,23,Second,Engineering,94,2.1,F,B,A,C,No,2.23
S1247,Jacob Gonzalez,Female,20,Second,Engineering,141,5.0,C,B,B,C,No,3.55
S1248,Lucas Martin,Male,19,First,Science,120,1.9,D,C,A,B,Yes,1.58
S1249,Caden Martin,Male,21,First,Engineering,90,4.1,D,B,A,B,No,4.56
S1250,Harper Gonzalez,Female,18,Third,Science,99,4.5,C,B,E,D,No,4.55
S1251,Liam Wilson,Female,20,Second,Business,125,3.7,E,D,E,B,Yes,2.96
S1252,Mason Brown,Female,20,First,Engineering,112,4.1,B,E,C,A,Yes,3.66
S1253,Emma Miller,Female,22,Fourth,Arts,93,3.8,D,B,C,E,No,4.09
S1254,Evelyn Brown,Male,21,Third,Science,98,1.2,A,E,A,A,Yes,1.22
S1255,Jacob Smith,Female,24,Fourth,Business,120,2.3,A,A,D,A,No,1.92
S1256,Noah Jackson,Male,22,Second,Science,91,2.6,A,D,B,C,Yes,2.86
S1257,Olivia Lopez,Male,22,First,Science,113,5.8,F,D,C,A,No,5.13
S1258,Amelia Smith,Female,21,First,Arts,103,1.2,C,B,A,A,No,1.17
S1259,Jacob Anderson,Male,21,First,Business,92,2.6,C,C,A,C,Yes,2.83
S1260,Liam Moore,Male,18,Fourth,Science,134,1.7,A,D,C,B,Yes,1.27
S1261,Elijah Hernandez,Male,22,Fourth,Science,117,4.7,D,D,F,C,No,4.02
S1262,Sophia Jones,Male,19,Third,Engineering,106,4.0,B,D,A,C,No,3.77
S1263,Mia Lee,Male,21,First,Business,109,1.6,D,F,C,C,Yes,1.47
S1264,Amelia Davis,Male,21,Second,Engineering,93,2.7,D,C,B,A,No,2.9
S1265,Ava Johnson,Male,21,Second,Business,109,2.3,A,A,B,D,No,2.11
S1266,Elijah Davis,Female,23,Second,Science,108,2.9,B,B,B,B,No,2.69
S1267,Charlotte Miller,Male,21,Third,Arts,100,3.1,B,B,D,D,Yes,3.1
S1268,Oliver Smith,Male,20,Fourth,Business,101,6.0,B,F,B,C,Yes,5.94
S1269,Isabella Martin,Male,22,Third,Engineering,131,1.9,F,D,B,E,No,1.45
S1270,Olivia Hernandez,Male,21,Third,Arts,116,3.1,D,D,D,A,Yes,2.67
S1271,Aiden Jackson,Female,18,Second,Arts,125,2.5,A,F,B,D,No,2.0
S1272,Mia Hernandez,Female,23,Fourth,Engineering,118,1.9,C,A,C,C,No,1.61
S1273,Mia Hernandez,Female,23,Third,Science,79,3.4,C,C,D,B,No,4.3
S1274,Amelia Martin,Other,21,Third,Business,150,1.6,A,C,A,C,No,1.07
S1275,Emma Davis,Other,23,Second,Science,121,1.9,D,B,B,A,Yes,1.57
S1276,Jacob Taylor,Male,22,Fourth,Engineering,122,2.6,A,D,C,B,No,2.13
S1277,Mia Williams,Female,19,Fourth,Business,88,4.9,D,B,A,B,No,5.57
S1278,Mason Moore,Male,20,Third,Business,101,2.6,B,E,D,D,No,2.57
S1279,Isabella Jackson,Male,19,Second,Business,92,5.0,C,B,C,D,Yes,5.43
S1280,Oliver Johnson,Female,23,Third,Science,120,1.9,C,D,F,D,No,1.58
S1281,Sophia Thomas,Female,18,Third,Engineering,87,2.7,B,C,A,C,Yes,3.1
S1282,Elijah Thomas,Male,20,Fourth,Business,101,4.0,F,D,A,D,Yes,3.96
S1283,Aiden Johnson,Female,22,Third,Arts,92,4.1,C,B,C,D,No,4.46
S1284,Ava Hernandez,Male,22,Second,Business,95,4.3,B,E,C,A,No,4.53
S1285,Sophia Smith,Male,19,Fourth,Engineering,154,4.8,C,A,C,C,No,3.12
S1286,Jacob Lopez,Male,19,Fourth,Business,117,5.6,A,C,C,E,No,4.79
S1287,Jacob Davis,Female,21,Fourth,Arts,81,2.4,C,A,B,A,Yes,2.96
S1288,Lucas Thomas,Female,23,Second,Business,149,4.9,C,C,C,B,Yes,3.29
S1289,Sophia Smith,Other,18,Second,Science,102,3.0,B,A,D,C,Yes,2.94
S1290,Elijah Davis,Male,21,Fourth,Business,133,4.1,D,C,C,B,Yes,3.08
S1291,Isabella Williams,Female,18,Third,Engineering,88,5.2,B,A,F,B,No,5.91
S1292,Amelia Garcia,Male,20,Fourth,Business,95,5.9,A,B,A,A,Yes,6.21
S1293,Lucas Martin,Male,19,Third,Business,111,1.9,A,C,E,C,No,1.71
S1294,Ava Jones,Female,24,First,Arts,152,6.0,B,A,C,B,No,3.95
S1295,Caden Lopez,Male,21,Fourth,Engineering,107,4.5,C,B,D,D,Yes,4.21
S1296,Noah Johnson,Male,24,Third,Business,86,3.0,F,B,C,B,Yes,3.49
S1297,Oliver Smith,Male,22,Third,Engineering,94,4.1,B,B,C,C,No,4.36
S1298,Sophia Gonzalez,Male,23,Second,Engineering,111,4.1,B,C,A,E,No,3.69
S1299,Aiden Gonzalez,Male,22,Fourth,Science,96,3.6,C,B,D,C,No,3.75
S1300,Mia Thomas,Male,21,Second,Engineering,122,4.0,C,A,C,A,Yes,3.28
S1301,Emma Jackson,Male,19,Second,Science,127,5.7,B,C,D,D,No,4.49
S1302,Lucas Jackson,Male,24,Second,Arts,81,1.8,F,D,D,B,Yes,2.22
S1303,Mason Thomas,Female,24,Fourth,Science,98,3.5,A,F,D,E,No,3.57
S1304,Emma Williams,Female,22,Third,Science,110,4.6,E,C,D,A,Yes,4.18
S1305,Noah Thomas,Male,22,Fourth,Business,130,1.8,D,D,A,B,No,1.38
S1306,Liam Thomas,Female,20,Third,Arts,116,4.2,C,D,F,C,No,3.62
S1307,Sophia Martinez,Male,20,Third,Science,91,4.0,B,B,F,A,No,4.4
S1308,Jacob Martinez,Male,19,Fourth,Engineering,121,4.1,C,F,D,C,No,3.39
S1309,Liam Williams,Female,23,First,Arts,103,4.1,F,C,E,A,Yes,3.98
S1310,Caden Lee,Female,24,First,Arts,108,5.8,A,C,C,F,Yes,5.37
S1311,Harper Garcia,Male,24,Third,Engineering,102,1.9,B,B,C,B,Yes,1.86
S1312,Mia Lee,Male,18,Second,Arts,126,5.0,B,C,D,A,No,3.97
S1313,Olivia Anderson,Female,23,First,Engineering,107,1.0,A,C,D,A,No,0.93
S1314,Aiden Moore,Male,22,Second,Business,95,1.7,C,B,F,D,Yes,1.79
S1315,Ethan Jackson,Male,20,Second,Arts,82,1.8,A,A,B,E,Yes,2.2
S1316,Sophia Garcia,Female,21,First,Engineering,101,2.5,C,D,B,F,No,2.48
S1317,Isabella Thomas,Male,23,First,Arts,134,4.8,E,E,C,B,No,3.58
S1318,Evelyn Martin,Male,22,Third,Science,100,3.9,D,A,B,B,No,3.9
S1319,Isabella Davis,Male,20,Fourth,Business,122,3.7,A,D,B,B,No,3.03
S1320,Aiden Wilson,Female,18,First,Business,104,5.9,A,D,C,B,Yes,5.67
S1321,Aiden Lee,Male,20,Second,Arts,123,2.0,B,D,B,C,No,1.63
S1322,Jacob Smith,Female,18,Fourth,Business,99,2.6,C,A,A,C,Yes,2.63
S1323,Jacob Johnson,Female,24,Second,Engineering,113,3.6,C,A,C,D,No,3.19
S1324,Emma Gonzalez,Male,18,Third,Business,89,4.8,C,E,C,D,Yes,5.39
S1325,Elijah Thomas,Other,20,First,Engineering,96,5.4,E,E,E,A,No,5.62
S1326,Harper Thomas,Other,22,Third,Arts,122,2.3,D,A,C,C,Yes,1.89
S1327,Elijah Taylor,Female,24,Second,Science,95,3.0,A,C,E,C,Yes,3.16
S1328,Lucas Smith,Male,18,Fourth,Science,127,2.6,B,A,D,C,No,2.05
S1329,Mia Taylor,Female,21,Third,Arts,105,1.4,A,B,B,C,No,1.33
S1330,Ethan Martinez,Male,18,Fourth,Arts,85,4.1,C,E,E,E,No,4.82
S1331,Oliver Lopez,Female,22,First,Business,116,1.2,B,B,D,B,Yes,1.03
S1332,Olivia Smith,Male,21,First,Engineering,95,5.9,B,B,B,A,Yes,6.21
S1333,Mason Miller,Male,24,Second,Science,92,1.9,A,B,C,F,Yes,2.07
S1334,Amelia Miller,Male,22,Third,Arts,97,5.0,D,B,E,E,No,5.15
S1335,Aiden Lee,Female,19,Third,Arts,105,3.3,C,C,C,E,No,3.14
S1336,Amelia Thomas,Female,23,Fourth,Business,108,3.5,E,D,F,D,Yes,3.24
S1337,Ava Brown,Male,22,Second,Arts,87,3.2,D,A,C,B,Yes,3.68
S1338,Elijah Lee,Male,20,Fourth,Science,106,4.5,D,E,A,A,No,4.25
S1339,Emma Brown,Female,23,Fourth,Business,100,1.1,B,C,D,B,Yes,1.1
S1340,Evelyn Wilson,Female,21,Second,Arts,113,2.9,A,E,F,B,No,2.57
S1341,Noah Jackson,Male,22,Fourth,Business,116,5.3,B,C,B,D,No,4.57
S1342,Emma Martinez,Male,23,Fourth,Business,114,1.5,C,C,A,D,No,1.32
S1343,Olivia Williams,Male,24,Third,Business,107,4.6,C,A,D,B,Yes,4.3
S1344,Noah Anderson,Female,18,Fourth,Science,89,2.9,F,B,B,C,No,3.26
S1345,Evelyn Martin,Female,21,Fourth,Arts,98,5.6,F,C,B,A,No,5.71
S1346,Charlotte Davis,Male,24,Second,Business,141,5.4,C,C,E,C,Yes,3.83
S1347,Mason Williams,Other,19,Second,Engineering,134,1.1,A,B,B,B,No,0.82
S1348,Sophia Jones,Male,19,Second,Business,110,3.8,C,F,B,B,Yes,3.45
S1349,Sophia Moore,Female,18,Second,Arts,107,5.7,E,C,B,F,Yes,5.33
S1350,Ethan Davis,Male,18,Third,Arts,115,4.0,E,B,C,E,Yes,3.48
S1351,Mason Martinez,Female,21,First,Science,88,1.4,D,B,B,D,No,1.59
S1352,Olivia Garcia,Female,20,Second,Arts,91,1.8,B,B,D,B,No,1.98
S1353,Ethan Lopez,Male,18,Third,Business,107,1.9,B,E,D,B,No,1.78
S1354,Amelia Hernandez,Male,23,Third,Science,110,3.9,D,B,C,A,Yes,3.55
S1355,Lucas Brown,Male,20,Second,Business,123,4.1,A,C,B,C,Yes,3.33
S1356,Ava Brown,Male,18,First,Business,105,6.0,B,D,C,D,Yes,5.71
S1357,Oliver Garcia,Female,23,Third,Engineering,117,3.5,D,C,C,C,Yes,2.99
S1358,Noah Miller,Other,20,Fourth,Arts,111,4.7,C,A,A,A,No,4.23
S1359,Sophia Davis,Female,20,Third,Arts,93,6.0,C,C,D,F,Yes,6.45
S1360,Liam Gonzalez,Female,21,First,Arts,88,4.9,C,C,C,C,Yes,5.57
S1361,Emma Smith,Male,18,Third,Engineering,138,2.4,B,A,A,A,No,1.74
S1362,Elijah Martin,Female,23,First,Arts,123,3.9,C,B,C,B,Yes,3.17
S1363,Isabella Thomas,Male,19,Second,Arts,86,2.5,C,D,E,B,No,2.91
S1364,Charlotte Moore,Male,23,First,Arts,122,3.9,D,E,C,E,No,3.2
S1365,Evelyn Hernandez,Male,20,Fourth,Engineering,109,4.2,B,D,A,A,No,3.85
S1366,Aiden Wilson,Male,18,First,Arts,90,2.2,B,C,D,F,No,2.44
S1367,Evelyn Lopez,Male,24,First,Business,95,1.6,A,B,D,A,Yes,1.68
S1368,Isabella Gonzalez,Female,20,Second,Business,104,4.3,A,B,A,D,No,4.13
S1369,Ethan Lopez,Female,20,Second,Business,130,5.6,C,D,D,B,No,4.31
S1370,Mia Miller,Female,19,First,Science,129,1.0,A,C,B,D,No,0.78
S1371,Mason Jackson,Female,24,First,Business,116,2.3,C,C,F,D,No,1.98
S1372,Mason Jackson,Female,22,Fourth,Business,116,5.4,A,B,D,B,Yes,4.66
S1373,Caden Martin,Male,19,First,Science,93,2.7,D,B,E,A,Yes,2.9
S1374,Elijah Smith,Male,18,First,Business,103,3.2,C,A,C,C,No,3.11
S1375,Emma Moore,Male,23,Fourth,Arts,137,3.6,C,C,C,E,Yes,2.63
S1376,Ethan Lee,Female,24,Third,Science,105,4.9,A,C,D,B,No,4.67
S1377,Ethan Martin,Female,19,Fourth,Science,96,3.5,B,A,A,F,Yes,3.65
S1378,Liam Hernandez,Male,22,First,Science,91,3.9,E,B,E,D,No,4.29
S1379,Noah Wilson,Male,24,Second,Engineering,115,2.8,C,B,C,E,No,2.43
S1380,Mia Jackson,Female,20,Second,Engineering,103,4.5,B,B,D,D,No,4.37
S1381,Charlotte Jackson,Female,18,First,Science,80,5.6,D,C,C,C,Yes,7.0
S1382,Emma Jones,Female,18,First,Business,92,2.8,B,A,C,F,No,3.04
S1383,Mason Wilson,Female,20,Second,Arts,96,5.2,A,C,C,C,No,5.42
S1384,Emma Brown,Male,18,Second,Arts,115,5.5,B,A,E,A,Yes,4.78
S1385,Olivia Taylor,Male,20,Second,Engineering,136,2.2,C,B,A,E,No,1.62
S1386,Evelyn Smith,Female,18,Second,Science,113,1.3,B,E,B,B,Yes,1.15
S1387,Harper Jones,Male,20,Second,Business,138,4.6,F,C,B,B,No,3.33
S1388,Aiden Lee,Male,22,Fourth,Arts,95,3.1,C,F,D,C,No,3.26
S1389,Aiden Miller,Male,18,Second,Engineering,102,4.0,D,A,E,D,Yes,3.92
S1390,Jacob Anderson,Female,19,Second,Engineering,142,2.1,E,B,B,A,Yes,1.48
S1391,Emma Lee,Male,22,Fourth,Arts,71,4.0,C,D,F,B,Yes,5.63
S1392,Lucas Martin,Female,23,First,Engineering,106,2.7,F,D,D,D,Yes,2.55
S1393,Olivia Thomas,Female,20,First,Arts,108,4.8,B,A,F,B,No,4.44
S1394,Mason Martinez,Female,24,First,Science,114,2.2,A,D,A,A,Yes,1.93
S1395,Evelyn Jackson,Female,24,First,Business,131,2.6,A,B,D,B,No,1.98
S1396,Oliver Lopez,Male,18,Second,Engineering,87,4.4,D,E,E,D,No,5.06
S1397,Ethan Lopez,Male,23,First,Engineering,140,3.6,E,A,D,C,No,2.57
S1398,Elijah Thomas,Female,22,Fourth,Arts,110,4.4,B,A,C,A,Yes,4.0
S1399,Amelia Hernandez,Female,18,Second,Business,79,5.9,A,E,C,B,No,7.47
S1400,Jacob Taylor,Female,24,Fourth,Arts,97,4.4,D,C,F,B,No,4.54
S1401,Mason Lopez,Male,23,Second,Arts,112,4.3,E,D,C,B,No,3.84
S1402,Oliver Thomas,Female,20,Third,Business,136,1.3,A,A,B,D,Yes,0.96
S1403,Aiden Martinez,Female,22,First,Engineering,121,4.4,F,B,A,E,No,3.64
S1404,Emma Smith,Female,19,First,Engineering,145,1.2,B,A,B,B,Yes,0.83
S1405,Mia Hernandez,Male,19,First,Science,95,1.1,F,B,E,C,Yes,1.16
S1406,Lucas Wilson,Female,22,Third,Business,103,4.0,F,C,A,D,Yes,3.88
S1407,Aiden Garcia,Male,19,Fourth,Arts,86,4.7,D,C,C,B,No,5.47
S1408,Olivia Williams,Male,23,First,Business,102,4.8,C,C,E,D,Yes,4.71
S1409,Ava Lopez,Female,23,Fourth,Engineering,132,5.8,C,D,B,F,No,4.39
S1410,Harper Hernandez,Female,18,Fourth,Engineering,130,1.9,E,D,A,F,No,1.46
S1411,Harper Garcia,Female,24,First,Arts,93,3.5,B,A,B,B,No,3.76
S1412,Oliver Martinez,Male,23,Third,Engineering,112,5.5,D,D,B,F,No,4.91
S1413,Emma Lee,Female,20,First,Science,102,5.1,A,D,B,B,Yes,5.0
S1414,Lucas Martinez,Male,20,First,Business,97,5.3,C,B,D,B,Yes,5.46
S1415,Lucas Thomas,Female,21,First,Arts,117,2.7,C,C,C,D,No,2.31
S1416,Noah Gonzalez,Female,24,Second,Business,113,4.6,A,D,B,C,No,4.07
S1417,Lucas Lee,Female,24,Second,Business,99,2.2,F,C,D,B,Yes,2.22
S1418,Sophia Lopez,Female,23,Fourth,Arts,91,4.5,F,D,F,C,No,4.95
S1419,Ethan Anderson,Female,19,Fourth,Engineering,108,3.7,F,A,A,B,No,3.43
S1420,Harper Smith,Female,19,Fourth,Arts,93,2.6,D,E,C,B,Yes,2.8
S1421,Sophia Garcia,Female,18,Second,Science,110,1.9,E,B,B,F,No,1.73
S1422,Ava Miller,Female,19,Fourth,Arts,114,2.7,A,E,B,A,Yes,2.37
S1423,Sophia Wilson,Female,18,Second,Business,115,4.7,A,B,D,E,Yes,4.09
S1424,Olivia Brown,Female,24,First,Business,117,2.8,C,B,F,D,No,2.39
S1425,Noah Brown,Female,18,Third,Arts,103,4.8,E,B,B,A,Yes,4.66
S1426,Emma Garcia,Female,24,Fourth,Business,109,4.6,B,F,A,B,No,4.22
S1427,Harper Thomas,Female,20,Second,Engineering,115,3.2,D,B,D,C,No,2.78
S1428,Evelyn Anderson,Male,23,Third,Business,108,3.7,B,B,B,A,No,3.43
S1429,Sophia Moore,Male,22,Second,Arts,113,5.9,B,A,C,B,No,5.22
S1430,Aiden Hernandez,Male,23,Third,Arts,124,4.8,B,B,D,A,Yes,3.87
S1431,Ava Davis,Female,18,First,Arts,89,2.4,D,D,B,D,Yes,2.7
S1432,Isabella Smith,Male,24,First,Science,138,1.8,E,D,D,C,No,1.3
S1433,Caden Brown,Female,18,Second,Engineering,126,5.2,B,E,D,A,No,4.13
S1434,Liam Thomas,Female,22,First,Arts,98,2.5,C,A,C,A,No,2.55
S1435,Jacob Taylor,Female,19,Fourth,Engineering,113,3.6,D,A,A,D,No,3.19
S1436,Mason Williams,Male,18,Second,Business,109,3.3,C,B,C,A,No,3.03
S1437,Jacob Jones,Female,20,Fourth,Arts,87,6.0,C,C,D,D,No,6.9
S1438,Evelyn Jones,Male,22,First,Science,86,4.9,A,E,B,A,No,5.7
S1439,Isabella Moore,Female,21,Third,Engineering,112,5.1,B,C,C,A,No,4.55
S1440,Olivia Taylor,Female,22,Second,Science,115,2.8,B,D,D,C,Yes,2.43
S1441,Liam Gonzalez,Male,19,First,Engineering,153,2.6,C,D,A,B,Yes,1.7
S1442,Elijah Thomas,Male,24,Third,Arts,124,3.6,C,B,D,D,Yes,2.9
S1443,Mason Thomas,Female,24,Second,Arts,133,4.6,E,C,D,A,No,3.46
S1444,Amelia Jackson,Male,20,First,Business,99,2.1,A,E,C,A,No,2.12
S1445,Jacob Martin,Male,19,Fourth,Business,116,4.2,E,E,E,E,Yes,3.62
S1446,Olivia Wilson,Male,21,First,Engineering,69,2.5,A,D,A,D,Yes,3.62
S1447,Harper Hernandez,Female,24,First,Science,88,4.1,A,B,A,F,No,4.66
S1448,Liam Thomas,Male,18,Third,Science,111,3.4,C,B,C,C,Yes,3.06
S1449,Charlotte Jones,Male,18,Third,Arts,102,1.2,B,E,C,B,Yes,1.18
S1450,Mason Davis,Female,22,Third,Business,119,4.4,D,A,C,D,No,3.7
S1451,Sophia Johnson,Male,24,Third,Business,105,3.3,E,B,D,D,Yes,3.14
S1452,Sophia Brown,Female,20,Second,Arts,124,3.1,A,A,E,B,Yes,2.5
S1453,Aiden Lopez,Female,21,First,Business,110,2.1,C,A,B,E,No,1.91
S1454,Noah Garcia,Female,23,Second,Arts,123,2.0,F,E,B,B,Yes,1.63
S1455,Amelia Hernandez,Female,23,Third,Arts,92,5.7,B,D,D,F,No,6.2
S1456,Caden Thomas,Female,22,First,Science,116,1.4,F,B,B,C,No,1.21
S1457,Noah Miller,Other,23,Second,Science,122,3.5,C,B,B,A,No,2.87
S1458,Liam Wilson,Female,19,Fourth,Arts,95,5.5,E,C,C,B,No,5.79
S1459,Liam Moore,Female,19,Third,Arts,133,1.8,B,C,B,E,No,1.35
S1460,Charlotte Jackson,Male,18,First,Engineering,94,3.8,E,B,B,D,No,4.04
S1461,Harper Moore,Female,23,Second,Arts,88,1.4,D,D,B,D,No,1.59
S1462,Sophia Smith,Male,20,Second,Arts,121,2.0,F,F,B,D,Yes,1.65
S1463,Emma Miller,Male,24,Second,Arts,136,4.5,D,C,D,D,No,3.31
S1464,Jacob Jackson,Male,24,Second,Engineering,121,4.7,C,E,C,B,Yes,3.88
S1465,Jacob Anderson,Female,23,First,Engineering,91,5.7,C,A,F,A,No,6.26
S1466,Isabella Jackson,Female,20,Fourth,Engineering,102,2.9,B,B,B,C,No,2.84
S1467,Isabella Johnson,Female,24,Fourth,Engineering,99,2.9,E,A,B,D,No,2.93
S1468,Elijah Moore,Female,23,Third,Business,118,5.3,C,E,E,C,No,4.49
S1469,Olivia Moore,Male,21,Second,Science,133,4.6,C,A,A,D,No,3.46
S1470,Elijah Thomas,Male,19,Fourth,Engineering,119,1.7,F,C,B,D,No,1.43
S1471,Elijah Williams,Female,24,Fourth,Science,92,1.0,F,E,F,D,No,1.09
S1472,Ava Smith,Female,21,Third,Arts,122,2.7,C,E,B,F,No,2.21
S1473,Harper Anderson,Female,19,First,Engineering,91,3.1,D,C,E,D,No,3.41
S1474,Evelyn Gonzalez,Male,23,Third,Engineering,133,5.5,A,A,B,E,Yes,4.14
S1475,Aiden Gonzalez,Female,19,First,Business,99,4.2,A,C,C,C,No,4.24
S1476,Jacob Jackson,Female,20,First,Arts,83,3.1,E,C,C,E,No,3.73
S1477,Charlotte Brown,Male,19,Fourth,Engineering,141,2.4,D,D,A,B,Yes,1.7
S1478,Noah Moore,Female,24,Fourth,Engineering,128,5.0,D,B,E,C,No,3.91
S1479,Aiden Taylor,Male,19,First,Arts,95,5.8,A,B,C,C,Yes,6.11
S1480,Charlotte Martinez,Female,20,First,Science,96,1.6,D,D,A,C,Yes,1.67
S1481,Ethan Moore,Female,24,Second,Engineering,100,5.0,D,B,F,B,No,5.0
S1482,Mia Brown,Female,19,Second,Engineering,93,4.6,B,B,E,B,No,4.95
S1483,Isabella Lee,Female,22,Fourth,Business,87,1.2,C,A,D,E,Yes,1.38
S1484,Lucas Jackson,Female,24,First,Science,107,5.4,C,F,A,D,No,5.05
S1485,Ethan Hernandez,Male,19,First,Engineering,112,5.5,E,C,C,B,No,4.91
S1486,Noah Johnson,Female,22,Second,Business,98,4.2,A,D,C,F,Yes,4.29
S1487,Amelia Anderson,Male,23,Third,Business,104,3.6,B,B,D,B,Yes,3.46
S1488,Charlotte Davis,Female,20,Fourth,Science,77,1.7,D,C,E,D,Yes,2.21
S1489,Liam Gonzalez,Female,24,Fourth,Arts,104,3.4,D,B,D,C,Yes,3.27
S1490,Aiden Jones,Female,24,Third,Science,95,5.3,B,E,A,B,Yes,5.58
S1491,Ethan Davis,Male,22,First,Arts,99,3.9,B,E,B,E,Yes,3.94
S1492,Emma Davis,Female,23,Fourth,Engineering,91,5.2,A,B,C,B,No,5.71
S1493,Jacob Thomas,Male,24,First,Business,124,2.1,A,E,E,C,Yes,1.69
S1494,Harper Brown,Female,18,Third,Engineering,87,2.3,A,D,E,D,Yes,2.64
S1495,Elijah Martin,Female,18,Third,Business,99,1.8,B,D,D,E,Yes,1.82
S1496,Noah Williams,Female,23,Third,Arts,104,2.2,C,D,C,B,No,2.12
S1497,Evelyn Anderson,Female,18,First,Arts,134,2.8,F,C,C,A,Yes,2.09
S1498,Charlotte Jackson,Female,18,Third,Engineering,125,1.9,B,B,D,B,Yes,1.52
S1499,Liam Miller,Male,24,Third,Arts,81,3.9,B,C,B,D,Yes,4.81
S1500,Elijah Martin,Male,24,Second,Arts,137,2.0,A,D,D,B,No,1.46
S1501,Mia Anderson,Male,19,Third,Arts,123,1.2,D,B,D,C,Yes,0.98
S1502,Aiden Martin,Male,23,Second,Arts,98,1.4,F,F,B,E,Yes,1.43
S1503,Ava Davis,Female,18,Third,Engineering,89,1.8,A,D,C,C,No,2.02
S1504,Olivia Smith,Male,22,Fourth,Science,118,2.1,C,F,A,C,No,1.78
S1505,Aiden Jones,Male,20,Third,Science,103,5.3,A,E,A,E,No,5.15
S1506,Evelyn Martin,Female,24,First,Business,116,1.3,E,C,B,D,Yes,1.12
S1507,Noah Moore,Female,24,First,Arts,125,5.2,B,A,D,D,Yes,4.16
S1508,Harper Johnson,Male,24,First,Business,127,1.7,C,C,A,A,Yes,1.34
S1509,Evelyn Miller,Male,21,Third,Business,79,5.0,D,A,C,C,No,6.33
S1510,Isabella Williams,Male,23,Fourth,Business,109,4.7,D,A,D,C,Yes,4.31
S1511,Harper Thomas,Female,18,Third,Science,100,3.1,C,C,D,C,Yes,3.1
S1512,Harper Jackson,Male,24,Second,Arts,110,3.0,B,C,D,A,No,2.73
S1513,Jacob Lopez,Female,22,First,Business,104,2.2,B,D,B,F,No,2.12
S1514,Elijah Lopez,Male,18,Fourth,Business,105,4.3,E,F,A,B,Yes,4.1
S1515,Lucas Thomas,Other,24,Third,Engineering,90,1.3,F,C,C,B,No,1.44
S1516,Isabella Gonzalez,Female,24,Third,Business,106,5.7,D,B,A,C,No,5.38
S1517,Caden Martinez,Male,21,First,Business,107,2.6,C,F,D,E,Yes,2.43
S1518,Mia Martinez,Female,19,Fourth,Science,126,2.0,F,C,D,F,No,1.59
S1519,Mia Taylor,Male,18,First,Science,106,1.8,C,A,C,F,No,1.7
S1520,Charlotte Anderson,Female,21,Third,Arts,115,5.8,C,A,F,A,No,5.04
S1521,Jacob Lee,Female,23,Fourth,Business,108,5.5,B,C,E,B,No,5.09
S1522,Amelia Martinez,Female,19,Third,Engineering,108,5.0,E,C,C,D,No,4.63
S1523,Liam Jones,Male,23,Second,Science,84,4.3,C,B,C,C,No,5.12
S1524,Sophia Lopez,Male,19,Second,Arts,86,4.9,B,D,A,B,Yes,5.7
S1525,Amelia Hernandez,Other,20,Third,Engineering,110,5.8,E,B,E,D,No,5.27
S1526,Elijah Anderson,Male,24,First,Engineering,107,2.5,B,C,A,D,No,2.34
S1527,Evelyn Gonzalez,Female,19,Third,Engineering,124,1.5,C,E,C,F,No,1.21
S1528,Aiden Taylor,Male,18,Third,Business,120,1.6,E,B,C,D,No,1.33
S1529,Isabella Taylor,Female,24,Second,Business,135,3.3,E,A,D,A,No,2.44
S1530,Amelia Smith,Male,24,Fourth,Engineering,91,2.0,A,B,A,D,No,2.2
S1531,Oliver Gonzalez,Female,21,First,Science,124,5.2,D,F,C,B,No,4.19
S1532,Jacob Brown,Female,24,Third,Arts,135,3.7,A,D,C,B,No,2.74
S1533,Ava Jones,Male,22,Second,Engineering,133,4.0,B,D,C,B,No,3.01
S1534,Liam Brown,Female,18,Fourth,Science,113,5.3,B,D,C,F,Yes,4.69
S1535,Liam Garcia,Female,18,Fourth,Arts,92,2.9,D,A,B,F,No,3.15
S1536,Liam Brown,Male,19,First,Engineering,98,2.0,E,A,E,D,No,2.04
S1537,Isabella Miller,Female,21,Fourth,Arts,90,4.3,C,C,F,B,No,4.78
S1538,Jacob Davis,Female,20,First,Engineering,125,1.5,B,D,A,E,No,1.2
S1539,Emma Johnson,Female,18,Third,Engineering,88,3.4,D,C,E,E,No,3.86
S1540,Mia Brown,Female,19,Fourth,Arts,129,3.5,D,A,B,C,No,2.71
S1541,Lucas Garcia,Male,18,Second,Arts,106,3.4,E,F,D,C,No,3.21
S1542,Ava Thomas,Male,22,Third,Science,121,5.2,D,C,B,C,No,4.3
S1543,Amelia Lopez,Female,20,Fourth,Business,94,5.5,B,C,F,B,Yes,5.85
S1544,Ava Moore,Female,19,Third,Engineering,108,2.1,B,A,E,B,No,1.94
S1545,Harper Lee,Male,23,Fourth,Arts,131,1.2,A,A,E,D,No,0.92
S1546,Amelia Gonzalez,Female,19,Second,Business,123,4.2,B,D,C,D,Yes,3.41
S1547,Isabella Davis,Female,22,Second,Arts,99,3.4,C,C,B,E,Yes,3.43
S1548,Amelia Martin,Female,21,Fourth,Business,107,1.6,C,C,D,B,No,1.5
S1549,Lucas Miller,Female,22,Third,Arts,109,1.8,B,B,B,F,No,1.65
S1550,Mason Miller,Male,18,First,Arts,128,3.0,A,F,A,A,Yes,2.34
S1551,Jacob Lee,Male,18,Second,Engineering,91,3.4,D,D,B,B,No,3.74
S1552,Evelyn Johnson,Male,23,First,Engineering,118,1.3,D,A,A,E,No,1.1
S1553,Ava Williams,Male,18,First,Engineering,118,1.5,C,E,B,B,No,1.27
S1554,Amelia Smith,Other,18,Second,Arts,100,1.3,A,C,A,A,No,1.3
S1555,Mia Martin,Female,18,Fourth,Engineering,103,5.5,F,B,A,D,No,5.34
S1556,Amelia Thomas,Female,20,Fourth,Business,99,5.4,A,B,C,B,No,5.45
S1557,Olivia Lee,Female,20,Fourth,Business,121,1.7,C,B,D,C,No,1.4
S1558,Charlotte Gonzalez,Female,18,Second,Engineering,119,5.0,C,F,D,B,No,4.2
S1559,Ava Lopez,Male,19,Third,Arts,119,5.8,D,A,C,C,No,4.87
S1560,Harper Gonzalez,Female,21,Third,Science,113,2.1,D,D,B,C,No,1.86
S1561,Caden Jones,Female,24,Third,Business,122,3.4,C,C,B,A,No,2.79
S1562,Ethan Miller,Female,22,First,Business,105,5.7,C,A,B,D,No,5.43
S1563,Oliver Martinez,Male,18,Second,Science,124,3.6,C,B,B,E,No,2.9
S1564,Evelyn Johnson,Male,18,Fourth,Business,132,1.6,A,A,D,B,Yes,1.21
S1565,Noah Johnson,Female,20,Second,Business,117,5.5,A,C,B,F,No,4.7
S1566,Sophia Lopez,Male,21,First,Business,88,5.4,B,D,B,D,No,6.14
S1567,Emma Smith,Male,24,Fourth,Business,91,5.4,B,C,B,B,No,5.93
S1568,Ava Gonzalez,Male,18,Fourth,Science,105,5.1,D,B,E,B,No,4.86
S1569,Mason Williams,Male,20,Second,Business,106,1.5,B,E,C,B,Yes,1.42
S1570,Elijah Garcia,Male,22,Second,Science,94,2.7,C,B,E,C,Yes,2.87
S1571,Emma Williams,Female,21,First,Engineering,125,1.8,D,C,D,D,No,1.44
S1572,Noah Lopez,Female,23,Second,Arts,105,3.9,A,C,B,B,Yes,3.71
S1573,Liam Hernandez,Female,22,Second,Arts,118,2.6,D,B,D,F,No,2.2
S1574,Sophia Anderson,Female,20,Fourth,Arts,99,1.3,B,A,D,C,No,1.31
S1575,Mason Jackson,Female,23,First,Engineering,126,4.0,A,A,A,B,Yes,3.17
S1576,Noah Martin,Female,18,Third,Business,137,3.8,A,B,C,D,No,2.77
S1577,Elijah Moore,Female,20,Third,Arts,109,4.5,B,D,B,B,Yes,4.13
S1578,Liam Williams,Female,19,First,Arts,107,5.6,D,A,A,B,Yes,5.23
S1579,Caden Jackson,Male,23,Fourth,Arts,110,5.1,D,F,B,C,No,4.64
S1580,Noah Lee,Male,23,First,Science,123,2.2,D,C,C,F,Yes,1.79
S1581,Ethan Gonzalez,Female,19,Second,Business,136,2.7,B,C,A,A,No,1.99
S1582,Mason Taylor,Female,24,Third,Business,98,5.4,A,B,E,E,No,5.51
S1583,Jacob Lopez,Male,18,First,Science,98,5.3,D,E,B,F,Yes,5.41
S1584,Mason Anderson,Male,24,Third,Business,106,5.4,B,B,D,C,No,5.09
S1585,Harper Jones,Male,21,Third,Arts,116,5.0,D,B,E,E,Yes,4.31
S1586,Liam Johnson,Female,22,Third,Science,93,4.8,C,E,A,C,Yes,5.16
S1587,Aiden Anderson,Female,22,Fourth,Arts,129,2.7,E,B,B,B,No,2.09
S1588,Sophia Lee,Female,23,First,Arts,128,2.5,E,B,B,D,Yes,1.95
S1589,Liam Wilson,Male,22,Second,Business,86,3.2,D,B,C,D,No,3.72
S1590,Liam Anderson,Male,18,Second,Engineering,119,3.2,A,B,C,E,No,2.69
S1591,Olivia Thomas,Male,20,Second,Business,119,5.7,A,A,A,E,No,4.79
S1592,Oliver Martinez,Female,24,First,Engineering,132,4.6,F,A,A,C,No,3.48
S1593,Isabella Thomas,Male,18,Fourth,Business,116,1.1,D,F,A,B,No,0.95
S1594,Ava Martin,Female,19,Second,Arts,119,3.2,B,C,E,E,Yes,2.69
S1595,Emma Martinez,Male,20,First,Science,138,4.3,E,A,A,E,Yes,3.12
S1596,Mason Jones,Male,19,Second,Engineering,107,5.7,D,C,A,E,No,5.33
S1597,Ethan Lee,Female,22,Second,Business,84,5.6,E,D,B,C,Yes,6.67
S1598,Aiden Anderson,Female,19,Second,Arts,91,4.7,D,F,C,E,No,5.16
S1599,Amelia Wilson,Female,20,Fourth,Engineering,123,2.5,D,D,B,B,No,2.03
S1600,Liam Moore,Male,21,Third,Science,111,5.9,B,B,C,B,No,5.32
S1601,Jacob Hernandez,Male,18,First,Engineering,117,5.9,F,C,B,C,No,5.04
S1602,Evelyn Davis,Female,23,Third,Arts,71,1.1,F,A,C,C,Yes,1.55
S1603,Noah Lopez,Female,21,Fourth,Business,114,4.5,A,B,A,C,No,3.95
S1604,Liam Jones,Male,24,First,Arts,121,5.2,B,C,A,C,No,4.3
S1605,Mason Anderson,Female,20,Third,Engineering,113,1.2,B,C,A,B,No,1.06
S1606,Olivia Hernandez,Male,22,Second,Business,114,3.0,D,E,C,D,No,2.63
S1607,Harper Smith,Female,20,Second,Arts,111,1.9,C,A,D,B,Yes,1.71
S1608,Aiden Garcia,Male,19,Second,Business,124,4.6,A,E,C,D,No,3.71
S1609,Elijah Williams,Male,20,First,Science,96,1.3,E,F,D,C,Yes,1.35
S1610,Oliver Moore,Female,24,Fourth,Business,97,5.4,D,B,A,C,No,5.57
S1611,Olivia Johnson,Female,19,Third,Engineering,115,5.2,B,E,B,B,No,4.52
S1612,Sophia Martin,Female,19,First,Business,99,1.2,C,A,F,D,No,1.21
S1613,Elijah Garcia,Female,18,Second,Arts,111,3.2,B,A,C,B,Yes,2.88
S1614,Liam Gonzalez,Male,22,Third,Business,93,5.2,B,D,B,B,No,5.59
S1615,Caden Thomas,Female,24,First,Business,108,4.5,B,B,B,B,No,4.17
S1616,Caden Gonzalez,Male,19,Second,Science,101,3.7,E,B,E,A,No,3.66
S1617,Aiden Garcia,Female,24,Second,Arts,111,5.6,B,B,C,A,No,5.05
S1618,Ava Garcia,Female,23,First,Science,108,2.9,A,B,B,C,Yes,2.69
S1619,Isabella Hernandez,Male,23,Fourth,Engineering,121,2.7,F,C,E,C,Yes,2.23
S1620,Aiden Garcia,Male,19,Second,Engineering,92,1.1,A,E,C,B,Yes,1.2
S1621,Harper Johnson,Female,21,Fourth,Engineering,114,3.2,D,B,D,A,No,2.81
S1622,Olivia Gonzalez,Female,23,Third,Business,86,5.3,B,C,C,B,Yes,6.16
S1623,Elijah Brown,Other,21,Fourth,Science,102,1.1,C,A,C,C,No,1.08
S1624,Sophia Garcia,Male,21,First,Arts,112,2.0,B,A,D,B,Yes,1.79
S1625,Olivia Anderson,Male,24,Second,Engineering,124,2.7,A,F,C,A,Yes,2.18
S1626,Lucas Thomas,Female,23,Fourth,Arts,118,5.8,C,A,A,C,No,4.92
S1627,Oliver Gonzalez,Other,21,Second,Engineering,129,1.6,D,B,F,C,No,1.24
S1628,Isabella Davis,Female,18,Third,Business,126,4.5,C,A,D,D,Yes,3.57
S1629,Mia Hernandez,Female,22,Second,Arts,118,5.1,E,C,E,B,Yes,4.32
S1630,Aiden Miller,Female,22,Fourth,Science,121,4.6,A,C,C,F,No,3.8
S1631,Jacob Martinez,Male,24,Fourth,Engineering,127,5.9,F,C,D,D,Yes,4.65
S1632,Lucas Garcia,Male,22,First,Arts,116,1.6,E,F,C,C,No,1.38
S1633,Amelia Martin,Male,23,Fourth,Arts,116,4.9,B,B,E,D,Yes,4.22
S1634,Jacob Thomas,Male,21,First,Arts,118,1.2,A,A,A,A,No,1.02
S1635,Noah Wilson,Male,18,Third,Business,111,2.0,D,C,D,C,Yes,1.8
S1636,Ava Hernandez,Female,21,Second,Science,105,3.5,B,B,E,A,Yes,3.33
S1637,Noah Lee,Female,23,Fourth,Science,126,3.0,B,B,D,D,No,2.38
S1638,Harper Gonzalez,Female,20,Fourth,Arts,101,4.5,A,A,C,D,No,4.46
S1639,Evelyn Miller,Male,20,Third,Arts,123,2.0,B,A,D,C,No,1.63
S1640,Jacob Jackson,Female,22,Third,Science,97,3.0,B,A,D,D,No,3.09
S1641,Emma Williams,Female,18,First,Science,109,5.4,A,D,D,C,Yes,4.95
S1642,Ava Lopez,Male,24,First,Science,98,2.2,D,A,D,B,No,2.24
S1643,Noah Thomas,Male,22,First,Business,111,2.8,C,A,E,B,No,2.52
S1644,Noah Brown,Female,19,Third,Arts,101,2.8,A,B,C,B,Yes,2.77
S1645,Oliver Jones,Male,20,Fourth,Engineering,114,4.5,C,A,B,D,No,3.95
S1646,Emma Taylor,Male,22,Third,Engineering,93,5.6,E,B,B,C,Yes,6.02
S1647,Ethan Anderson,Male,24,First,Engineering,106,2.9,B,F,B,C,No,2.74
S1648,Ethan Taylor,Male,20,First,Engineering,115,2.5,A,C,E,C,No,2.17
S1649,Sophia Jackson,Male,24,Second,Business,136,2.9,D,F,C,A,No,2.13
S1650,Aiden Martinez,Male,19,Fourth,Arts,109,2.9,C,A,A,C,No,2.66
S1651,Olivia Brown,Male,18,Fourth,Arts,104,3.4,B,D,A,B,Yes,3.27
S1652,Ethan Jackson,Male,19,Third,Arts,94,1.3,B,C,F,D,Yes,1.38
S1653,Noah Martinez,Female,19,Second,Arts,94,3.5,C,D,B,F,No,3.72
S1654,Mia Jackson,Female,19,Fourth,Engineering,115,4.0,C,A,F,A,Yes,3.48
S1655,Sophia Jones,Female,21,Second,Science,136,3.1,B,B,A,E,No,2.28
S1656,Lucas Brown,Female,22,First,Arts,138,2.9,A,C,E,D,No,2.1
S1657,Jacob Miller,Male,21,First,Arts,90,3.9,E,A,C,E,Yes,4.33
S1658,Elijah Davis,Female,19,Fourth,Arts,132,3.8,F,C,A,D,No,2.88
S1659,Noah Hernandez,Male,21,Fourth,Engineering,120,5.6,F,C,C,C,Yes,4.67
S1660,Olivia Miller,Female,24,Fourth,Business,101,1.4,F,C,D,C,Yes,1.39
S1661,Mia Thomas,Female,20,Fourth,Business,114,1.7,C,C,B,B,No,1.49
S1662,Mason Thomas,Female,24,First,Business,111,1.1,C,A,F,C,No,0.99
S1663,Jacob Martin,Male,22,Third,Business,117,2.9,A,C,D,C,No,2.48
S1664,Elijah Garcia,Male,18,First,Engineering,90,1.9,B,C,B,C,No,2.11
S1665,Sophia Thomas,Female,24,Fourth,Business,108,3.0,C,C,F,B,No,2.78
S1666,Ethan Johnson,Female,18,Fourth,Arts,125,1.2,C,D,E,D,Yes,0.96
S1667,Elijah Taylor,Female,23,Fourth,Business,92,4.4,B,D,B,D,Yes,4.78
S1668,Isabella Brown,Male,18,Third,Science,91,2.4,B,E,C,B,No,2.64
S1669,Noah Johnson,Male,18,Fourth,Science,70,5.1,A,A,F,D,No,7.29
S1670,Isabella Lopez,Female,22,Fourth,Science,92,5.5,D,B,E,D,No,5.98
S1671,Lucas Jackson,Female,20,Third,Business,71,4.1,B,C,C,B,No,5.77
S1672,Evelyn Anderson,Male,20,Fourth,Business,107,4.7,C,C,E,C,No,4.39
S1673,Emma Brown,Female,21,Second,Engineering,105,5.7,C,B,B,B,Yes,5.43
S1674,Olivia Hernandez,Female,22,Fourth,Arts,95,5.6,B,B,B,C,Yes,5.89
S1675,Sophia Garcia,Female,22,Third,Engineering,85,3.4,A,B,B,A,Yes,4.0
S1676,Ava Anderson,Male,23,Third,Science,122,5.9,D,D,B,C,No,4.84
S1677,Liam Garcia,Female,18,Fourth,Arts,124,2.2,D,C,A,B,No,1.77
S1678,Evelyn Lee,Female,23,Second,Arts,99,4.3,C,B,D,D,Yes,4.34
S1679,Olivia Hernandez,Female,19,Third,Business,122,1.0,C,A,E,F,No,0.82
S1680,Aiden Taylor,Female,20,First,Arts,90,5.5,A,F,B,D,No,6.11
S1681,Amelia Moore,Female,21,Fourth,Science,112,1.5,B,C,A,D,No,1.34
S1682,Ethan Davis,Male,18,First,Science,119,2.0,A,E,A,C,Yes,1.68
S1683,Mason Taylor,Male,18,Third,Engineering,122,1.6,A,A,D,C,No,1.31
S1684,Sophia Moore,Male,19,First,Engineering,104,2.4,F,B,D,A,No,2.31
S1685,Liam Martin,Female,24,Second,Arts,133,5.6,E,A,D,B,No,4.21
S1686,Aiden Brown,Female,23,Second,Business,106,5.6,D,B,D,B,No,5.28
S1687,Amelia Taylor,Female,21,First,Engineering,118,5.9,A,F,C,D,No,5.0
S1688,Liam Martin,Male,22,First,Science,95,2.5,D,C,C,B,No,2.63
S1689,Isabella Williams,Female,23,Second,Science,121,2.1,C,C,D,B,No,1.74
S1690,Noah Thomas,Female,21,Fourth,Science,99,3.1,F,C,B,A,No,3.13
S1691,Oliver Martinez,Female,18,Fourth,Business,105,3.4,D,B,A,D,Yes,3.24
S1692,Ava Jackson,Male,23,Fourth,Business,116,3.6,A,E,B,B,Yes,3.1
S1693,Olivia Miller,Male,19,Fourth,Arts,82,3.2,C,C,B,B,No,3.9
S1694,Ava Jones,Female,22,Fourth,Engineering,135,3.9,B,A,B,F,No,2.89
S1695,Oliver Hernandez,Male,21,Fourth,Science,116,4.2,F,B,B,D,No,3.62
S1696,Lucas Martin,Male,23,Third,Arts,71,3.9,B,A,B,D,No,5.49
S1697,Isabella Taylor,Female,23,Fourth,Business,109,5.7,B,E,B,B,No,5.23
S1698,Liam Gonzalez,Male,18,First,Business,115,5.2,E,E,C,E,Yes,4.52
S1699,Liam Hernandez,Female,24,Fourth,Science,98,1.8,A,C,B,A,No,1.84
S1700,Liam Martinez,Female,21,Fourth,Business,109,6.0,A,B,C,C,Yes,5.5
S1701,Mason Martin,Female,21,Third,Business,104,1.7,A,B,F,B,No,1.63
S1702,Lucas Taylor,Male,22,Second,Arts,99,4.0,A,C,C,A,No,4.04
S1703,Liam Davis,Female,19,Second,Science,116,3.2,D,F,C,D,No,2.76
S1704,Sophia Moore,Female,23,Second,Engineering,113,2.9,D,A,A,C,Yes,2.57
S1705,Ethan Lopez,Female,19,First,Business,116,1.5,B,D,B,E,No,1.29
S1706,Noah Taylor,Female,23,Third,Arts,87,5.9,C,B,A,A,Yes,6.78
S1707,Olivia Anderson,Female,22,Third,Science,92,3.6,C,D,A,C,No,3.91
S1708,Jacob Lee,Female,23,Third,Arts,118,2.7,E,A,D,E,Yes,2.29
S1709,Mason Thomas,Female,23,Third,Business,107,2.8,C,B,D,D,No,2.62
S1710,Emma Williams,Female,18,Second,Arts,116,2.2,F,C,C,F,No,1.9
S1711,Oliver Taylor,Male,24,First,Business,106,4.1,E,B,E,D,No,3.87
S1712,Oliver Brown,Female,18,Third,Science,96,3.4,B,E,A,C,No,3.54
S1713,Caden Garcia,Male,19,Fourth,Business,103,4.6,A,B,D,A,No,4.47
S1714,Oliver Lopez,Male,23,Third,Arts,117,3.3,C,C,B,B,Yes,2.82
S1715,Aiden Williams,Male,18,Third,Engineering,85,2.6,C,A,C,E,No,3.06
S1716,Amelia Jones,Female,23,Third,Business,119,3.8,F,A,C,C,No,3.19
S1717,Aiden Martinez,Female,24,Second,Business,99,1.5,C,D,E,E,No,1.52
S1718,Evelyn Jones,Female,24,First,Science,109,3.5,A,D,B,B,No,3.21
S1719,Evelyn Taylor,Female,19,Third,Business,92,3.9,C,C,B,F,No,4.24
S1720,Elijah Lee,Male,18,Fourth,Business,104,3.7,C,D,C,E,Yes,3.56
S1721,Aiden Williams,Female,20,First,Engineering,97,2.6,B,A,B,D,No,2.68
S1722,Charlotte Johnson,Female,18,Third,Arts,85,2.4,D,E,C,A,No,2.82
S1723,Caden Williams,Male,18,First,Arts,130,1.3,C,B,B,E,Yes,1.0
S1724,Ethan Lee,Female,22,First,Science,130,5.6,D,A,A,A,No,4.31
S1725,Ava Wilson,Male,24,Second,Science,140,1.1,F,D,C,B,No,0.79
S1726,Ethan Johnson,Female,19,First,Business,97,3.3,B,B,A,C,No,3.4
S1727,Olivia Brown,Male,19,Fourth,Arts,114,2.0,B,D,D,E,Yes,1.75
S1728,Noah Smith,Male,19,Fourth,Engineering,118,1.5,B,C,F,E,No,1.27
S1729,Amelia Wilson,Male,18,Fourth,Science,104,4.9,C,C,A,A,Yes,4.71
S1730,Aiden Jackson,Female,22,Third,Engineering,107,4.3,B,A,C,B,No,4.02
S1731,Liam Miller,Female,18,Fourth,Arts,108,5.0,C,B,B,A,No,4.63
S1732,Elijah Smith,Male,21,Fourth,Business,92,5.3,C,A,C,C,No,5.76
S1733,Sophia Martinez,Female,18,Fourth,Engineering,112,1.9,C,D,E,C,No,1.7
S1734,Oliver Johnson,Male,21,Third,Arts,128,5.1,B,B,C,E,No,3.98
S1735,Aiden Johnson,Male,21,Fourth,Business,96,1.1,C,A,E,C,Yes,1.15
S1736,Aiden Davis,Male,21,Second,Science,113,5.8,B,B,C,A,No,5.13
S1737,Mia Smith,Male,23,Fourth,Engineering,135,5.1,E,E,B,D,No,3.78
S1738,Mia Johnson,Male,22,Fourth,Engineering,116,1.6,D,A,D,C,No,1.38
S1739,Evelyn Anderson,Female,18,Fourth,Arts,103,2.1,A,C,A,A,Yes,2.04
S1740,Evelyn Smith,Female,18,First,Business,119,6.0,A,B,A,E,No,5.04
S1741,Harper Wilson,Male,20,Third,Engineering,106,5.0,B,B,A,B,No,4.72
S1742,Aiden Johnson,Female,21,First,Science,92,1.5,E,F,C,C,No,1.63
S1743,Oliver Gonzalez,Female,20,Fourth,Arts,109,3.3,B,D,D,D,No,3.03
S1744,Evelyn Smith,Male,21,Fourth,Business,109,3.6,A,E,D,E,Yes,3.3
S1745,Jacob Moore,Male,24,Third,Business,109,4.5,C,C,C,E,No,4.13
S1746,Ethan Hernandez,Female,21,Third,Engineering,128,2.3,A,A,C,B,Yes,1.8
S1747,Mason Thomas,Other,19,Third,Engineering,107,2.1,C,F,C,C,No,1.96
S1748,Harper Wilson,Female,21,First,Business,130,4.5,B,A,E,C,Yes,3.46
S1749,Jacob Garcia,Male,20,Second,Arts,119,3.4,F,A,E,D,No,2.86
S1750,Charlotte Jones,Male,19,First,Business,110,3.3,D,B,B,D,Yes,3.0
S1751,Oliver Taylor,Female,20,Fourth,Business,111,5.1,C,B,E,E,Yes,4.59
S1752,Charlotte Lopez,Male,21,Second,Science,84,5.0,A,F,C,C,No,5.95
S1753,Amelia Wilson,Female,23,Second,Science,110,3.2,C,C,C,B,Yes,2.91
S1754,Amelia Miller,Female,22,First,Science,103,1.4,A,B,D,C,No,1.36
S1755,Mia Martin,Male,18,Fourth,Business,132,5.2,A,C,A,F,No,3.94
S1756,Sophia Garcia,Male,24,Second,Engineering,110,5.1,E,E,B,D,No,4.64
S1757,Caden Jackson,Female,23,First,Engineering,68,3.2,D,C,A,B,No,4.71
S1758,Elijah Lopez,Female,22,Third,Science,98,1.2,A,B,A,A,Yes,1.22
S1759,Oliver Jones,Female,19,Fourth,Business,106,5.2,B,A,C,C,No,4.91
S1760,Mia Garcia,Male,23,First,Arts,99,5.4,D,B,C,A,No,5.45
S1761,Aiden Jackson,Female,21,Fourth,Business,96,3.2,E,B,B,A,No,3.33
S1762,Noah Anderson,Female,23,Second,Arts,136,2.0,A,D,C,B,Yes,1.47
S1763,Mason Thomas,Female,19,Second,Business,112,4.5,D,C,A,D,Yes,4.02
S1764,Sophia Wilson,Male,18,Fourth,Business,121,4.2,B,B,D,B,Yes,3.47
S1765,Isabella Smith,Male,18,Second,Science,107,1.9,C,B,A,A,No,1.78
S1766,Charlotte Taylor,Female,20,Second,Engineering,95,3.4,B,C,E,C,Yes,3.58
S1767,Mason Lee,Other,24,Fourth,Arts,93,2.1,D,C,A,B,No,2.26
S1768,Amelia Jackson,Male,19,Third,Business,127,4.8,A,B,C,F,No,3.78
S1769,Oliver Smith,Female,20,First,Engineering,105,4.4,C,F,F,A,No,4.19
S1770,Sophia Davis,Female,21,Fourth,Science,82,4.1,B,C,B,D,Yes,5.0
S1771,Caden Garcia,Male,18,Second,Business,98,1.0,E,C,E,C,No,1.02
S1772,Liam Jones,Male,24,Second,Engineering,121,1.7,F,D,D,C,No,1.4
S1773,Aiden Miller,Female,19,Fourth,Arts,130,4.4,B,C,B,E,Yes,3.38
S1774,Elijah Taylor,Female,20,Third,Science,112,1.1,B,D,A,E,Yes,0.98
S1775,Emma Taylor,Female,22,Fourth,Science,118,5.2,B,D,D,D,Yes,4.41
S1776,Oliver Brown,Other,23,First,Business,101,2.4,C,B,E,B,No,2.38
S1777,Ethan Smith,Male,23,First,Science,93,4.9,C,B,B,C,Yes,5.27
S1778,Lucas Garcia,Male,23,Third,Science,91,1.7,C,B,D,C,No,1.87
S1779,Elijah Smith,Male,24,Fourth,Science,99,2.5,C,E,B,E,No,2.53
S1780,Aiden Miller,Male,23,First,Arts,115,4.7,E,C,B,B,No,4.09
S1781,Charlotte Smith,Female,21,First,Engineering,108,2.3,C,B,C,B,No,2.13
S1782,Noah Lee,Male,19,First,Arts,116,4.7,A,C,E,A,Yes,4.05
S1783,Liam Brown,Female,22,Fourth,Science,128,5.3,B,D,C,A,No,4.14
S1784,Noah Davis,Female,22,Second,Business,103,5.4,A,B,A,D,Yes,5.24
S1785,Mia Miller,Female,18,Second,Engineering,124,1.4,A,D,A,D,No,1.13
S1786,Mason Williams,Female,22,Fourth,Science,107,1.2,C,B,D,C,Yes,1.12
S1787,Ava Williams,Female,22,First,Engineering,97,2.7,D,B,B,A,Yes,2.78
S1788,Ethan Williams,Female,21,Fourth,Science,106,2.1,D,D,B,B,Yes,1.98
S1789,Ethan Jones,Male,20,First,Arts,109,4.2,C,C,E,E,No,3.85
S1790,Oliver Garcia,Male,21,Third,Arts,100,1.6,C,A,C,F,Yes,1.6
S1791,Liam Smith,Male,20,First,Engineering,129,3.6,C,B,D,C,Yes,2.79
S1792,Ethan Smith,Male,23,First,Arts,109,1.5,E,D,D,C,No,1.38
S1793,Isabella Hernandez,Male,19,Second,Arts,112,1.5,C,A,C,C,No,1.34
S1794,Charlotte Johnson,Female,22,Second,Science,78,4.6,A,B,D,B,Yes,5.9
S1795,Emma Brown,Female,20,Third,Science,117,1.9,B,A,B,B,Yes,1.62
S1796,Oliver Miller,Male,20,Second,Science,102,2.8,D,F,D,D,No,2.75
S1797,Isabella Anderson,Female,21,Fourth,Engineering,104,5.2,A,D,B,A,Yes,5.0
S1798,Lucas Johnson,Male,19,Fourth,Arts,130,3.1,B,A,B,A,No,2.38
S1799,Amelia Taylor,Female,19,First,Science,132,5.7,B,C,B,C,No,4.32
S1800,Emma Wilson,Female,21,Third,Engineering,96,5.4,A,A,B,B,Yes,5.62
S1801,Lucas Brown,Male,24,Third,Science,138,1.6,D,A,D,F,Yes,1.16
S1802,Oliver Wilson,Male,22,Second,Science,127,2.3,C,C,D,C,No,1.81
S1803,Olivia Martin,Female,18,Second,Engineering,98,4.3,A,E,C,D,Yes,4.39
S1804,Caden Moore,Male,19,Second,Science,117,1.0,A,B,A,E,Yes,0.85
S1805,Olivia Thomas,Female,21,Fourth,Business,123,3.5,C,D,C,A,Yes,2.85
S1806,Harper Thomas,Female,18,Second,Business,130,1.8,B,B,B,C,Yes,1.38
S1807,Noah Smith,Male,24,First,Science,101,3.1,D,B,B,F,No,3.07
S1808,Isabella Smith,Female,21,Second,Business,81,4.2,A,C,B,A,Yes,5.19
S1809,Ethan Anderson,Female,21,Third,Arts,114,2.9,E,E,C,D,Yes,2.54
S1810,Mason Johnson,Male,22,Fourth,Arts,98,4.2,B,E,A,A,Yes,4.29
S1811,Jacob Hernandez,Male,23,Fourth,Business,109,5.7,D,B,B,B,No,5.23
S1812,Mia Johnson,Male,22,First,Engineering,99,2.5,F,D,C,A,Yes,2.53
S1813,Lucas Taylor,Male,20,First,Engineering,94,2.2,A,D,B,E,No,2.34
S1814,Liam Davis,Male,20,Third,Business,109,3.1,D,D,D,B,No,2.84
S1815,Ava Martinez,Male,22,Third,Engineering,121,3.6,D,E,C,A,Yes,2.98
S1816,Elijah Wilson,Female,21,Fourth,Science,117,2.8,C,C,F,B,No,2.39
S1817,Amelia Lopez,Male,23,Second,Engineering,86,3.2,D,A,F,D,No,3.72
S1818,Lucas Moore,Female,18,Second,Science,133,4.8,B,B,B,B,Yes,3.61
S1819,Noah Brown,Male,20,Second,Business,87,3.6,C,A,F,F,Yes,4.14
S1820,Aiden Martin,Male,22,First,Engineering,117,4.2,C,A,D,A,No,3.59
S1821,Olivia Taylor,Male,24,Second,Science,130,3.8,D,B,C,D,Yes,2.92
S1822,Aiden Moore,Female,20,First,Engineering,105,5.4,B,C,C,D,Yes,5.14
S1823,Charlotte Thomas,Female,20,Second,Arts,95,1.7,D,D,B,A,No,1.79
S1824,Noah Lee,Female,24,Fourth,Arts,136,2.6,F,C,A,D,No,1.91
S1825,Noah Martin,Female,22,Third,Business,103,5.2,E,F,B,B,No,5.05
S1826,Aiden Miller,Female,23,Third,Science,96,5.9,B,C,B,C,Yes,6.15
S1827,Evelyn Anderson,Female,22,First,Science,116,5.3,B,A,C,D,Yes,4.57
S1828,Mia Brown,Male,20,First,Arts,124,3.6,B,C,B,F,No,2.9
S1829,Isabella Jackson,Female,21,Third,Business,121,1.6,A,B,D,D,No,1.32
S1830,Oliver Davis,Female,21,First,Science,87,3.1,A,D,A,A,Yes,3.56
S1831,Aiden Johnson,Female,23,Second,Engineering,138,1.7,B,C,D,F,No,1.23
S1832,Mason Williams,Female,18,Fourth,Engineering,97,3.0,E,B,A,C,No,3.09
S1833,Oliver Moore,Male,20,First,Science,131,4.0,A,A,B,D,No,3.05
S1834,Noah Anderson,Female,19,Fourth,Arts,123,1.8,C,A,B,C,Yes,1.46
S1835,Emma Lopez,Male,21,Fourth,Business,112,3.5,E,A,A,C,No,3.12
S1836,Ava Williams,Female,24,Second,Business,123,2.8,B,A,B,F,No,2.28
S1837,Aiden Moore,Female,19,Fourth,Engineering,81,5.9,C,C,E,C,No,7.28
S1838,Isabella Thomas,Male,18,Fourth,Engineering,104,3.0,D,E,A,E,No,2.88
S1839,Ava Smith,Male,18,Third,Business,119,3.2,C,F,D,B,No,2.69
S1840,Sophia Gonzalez,Male,18,First,Science,125,3.5,B,A,C,E,No,2.8
S1841,Charlotte Davis,Male,20,Fourth,Business,102,1.9,C,B,A,D,No,1.86
S1842,Amelia Martinez,Other,24,First,Arts,99,1.4,D,B,D,D,No,1.41
S1843,Isabella Taylor,Female,18,Third,Science,109,3.7,D,B,C,E,Yes,3.39
S1844,Harper Martinez,Male,22,Second,Arts,75,1.4,B,C,E,A,Yes,1.87
S1845,Mia Martin,Female,19,Fourth,Science,104,6.0,A,D,D,A,Yes,5.77
S1846,Harper Smith,Female,18,Third,Science,85,4.3,C,A,C,D,No,5.06
S1847,Mia Wilson,Female,18,Fourth,Engineering,98,2.6,C,E,A,C,Yes,2.65
S1848,Sophia Thomas,Male,21,First,Business,104,2.5,A,F,C,C,No,2.4
S1849,Mia Garcia,Female,22,First,Science,112,1.6,F,A,C,E,Yes,1.43
S1850,Evelyn Miller,Male,18,Third,Science,116,4.8,F,C,F,C,No,4.14
S1851,Harper Garcia,Male,23,Second,Science,115,5.7,C,D,C,E,No,4.96
S1852,Mason Martin,Female,23,Fourth,Business,107,2.6,D,D,C,C,Yes,2.43
S1853,Mia Smith,Female,22,Second,Engineering,125,5.6,A,B,F,B,No,4.48
S1854,Ethan Lee,Female,19,Third,Science,82,5.0,A,A,B,E,Yes,6.1
S1855,Sophia Hernandez,Male,20,Second,Engineering,129,3.2,B,D,D,A,No,2.48
S1856,Evelyn Williams,Male,22,Second,Science,126,2.3,D,A,D,F,Yes,1.83
S1857,Sophia Brown,Female,18,First,Business,95,2.1,E,C,C,B,Yes,2.21
S1858,Aiden Martinez,Male,24,Third,Arts,113,3.0,A,A,F,F,No,2.65
S1859,Isabella Johnson,Female,23,Second,Engineering,108,1.1,A,D,C,A,Yes,1.02
S1860,Evelyn Miller,Female,22,Second,Engineering,107,1.1,D,A,E,B,No,1.03
S1861,Ava Wilson,Male,19,Fourth,Engineering,96,5.6,A,B,B,B,Yes,5.83
S1862,Isabella Miller,Female,18,First,Business,119,3.3,D,F,B,B,No,2.77
S1863,Amelia Anderson,Male,23,Fourth,Engineering,108,2.3,A,E,F,B,Yes,2.13
S1864,Mason Taylor,Male,22,Third,Engineering,91,5.0,E,E,D,E,No,5.49
S1865,Liam Garcia,Male,21,Fourth,Engineering,129,4.9,D,B,E,B,Yes,3.8
S1866,Ava Garcia,Male,23,Fourth,Science,107,3.0,B,B,D,A,Yes,2.8
S1867,Olivia Lee,Male,18,First,Arts,105,3.8,B,E,E,C,No,3.62
S1868,Mason Johnson,Male,18,Second,Engineering,98,1.4,C,A,B,C,No,1.43
S1869,Noah Hernandez,Female,24,First,Business,115,5.2,D,B,C,B,Yes,4.52
S1870,Ava Taylor,Female,21,First,Engineering,84,1.2,A,E,F,A,No,1.43
S1871,Lucas Martinez,Female,19,First,Business,139,2.9,A,B,A,B,No,2.09
S1872,Caden Lee,Female,20,First,Engineering,111,5.5,B,A,A,C,No,4.95
S1873,Jacob Lopez,Male,18,Fourth,Business,80,4.5,B,F,B,C,No,5.62
S1874,Harper Taylor,Male,24,First,Science,106,3.7,C,D,C,C,No,3.49
S1875,Isabella Miller,Female,24,First,Arts,113,2.0,D,C,A,D,Yes,1.77
S1876,Ava Wilson,Female,18,Third,Engineering,127,2.4,D,C,E,E,No,1.89
S1877,Oliver Smith,Male,22,Fourth,Arts,125,1.6,F,B,E,E,Yes,1.28
S1878,Caden Anderson,Male,18,First,Science,85,1.5,C,F,A,A,No,1.76
S1879,Amelia Gonzalez,Female,18,First,Arts,120,3.6,D,B,A,E,No,3.0
S1880,Emma Brown,Female,21,Third,Business,99,5.9,B,A,D,D,Yes,5.96
S1881,Lucas Taylor,Female,22,Fourth,Science,127,2.2,B,A,B,C,No,1.73
S1882,Ava Miller,Female,22,Third,Arts,147,3.5,D,B,B,C,No,2.38
S1883,Mia Thomas,Female,23,Fourth,Business,104,4.7,B,C,B,A,No,4.52
S1884,Lucas Jones,Female,19,First,Business,104,3.4,A,B,E,C,No,3.27
S1885,Sophia Davis,Female,18,First,Arts,105,5.5,A,B,B,B,No,5.24
S1886,Mason Lopez,Female,19,Third,Science,107,3.4,D,B,C,E,No,3.18
S1887,Aiden Moore,Female,22,Fourth,Engineering,118,2.5,C,B,E,A,No,2.12
S1888,Liam Gonzalez,Female,24,Third,Arts,121,5.5,E,A,B,B,No,4.55
S1889,Charlotte Martinez,Male,21,Second,Arts,76,1.8,E,B,C,D,Yes,2.37
S1890,Olivia Wilson,Male,23,Fourth,Engineering,111,2.5,B,A,D,B,No,2.25
S1891,Liam Moore,Male,23,Fourth,Arts,111,5.8,C,A,F,D,No,5.23
S1892,Mia Wilson,Male,23,Third,Science,94,5.8,B,D,A,B,No,6.17
S1893,Emma Moore,Female,19,Fourth,Business,103,2.8,D,B,E,A,No,2.72
S1894,Amelia Thomas,Male,18,Third,Arts,112,1.8,A,D,A,B,No,1.61
S1895,Olivia Johnson,Female,20,Third,Business,84,2.0,B,E,A,A,No,2.38
S1896,Evelyn Jones,Female,24,First,Science,89,3.4,D,C,A,E,Yes,3.82
S1897,Mia Garcia,Female,18,Second,Arts,109,5.3,D,C,A,C,No,4.86
S1898,Olivia Martin,Female,23,Second,Engineering,90,3.2,B,C,B,C,No,3.56
S1899,Charlotte Lopez,Other,22,Third,Arts,135,2.5,C,B,B,D,No,1.85
S1900,Lucas Anderson,Female,20,Third,Science,76,1.7,B,C,C,B,Yes,2.24
S1901,Isabella Hernandez,Female,20,Fourth,Business,106,2.0,E,B,E,D,No,1.89
S1902,Isabella Taylor,Male,18,Fourth,Engineering,117,1.7,D,D,C,C,No,1.45
S1903,Isabella Martinez,Female,18,Third,Science,131,5.1,F,C,D,C,Yes,3.89
S1904,Aiden Davis,Male,23,Fourth,Engineering,96,4.6,C,C,A,C,No,4.79
S1905,Charlotte Miller,Female,18,Second,Engineering,120,4.6,B,C,E,C,No,3.83
S1906,Aiden Miller,Female,23,Third,Arts,86,2.6,A,C,B,A,No,3.02
S1907,Amelia Moore,Male,21,Third,Engineering,146,2.1,C,C,B,A,Yes,1.44
S1908,Aiden Johnson,Female,21,First,Business,78,2.1,B,E,F,A,No,2.69
S1909,Noah Smith,Male,18,Second,Science,116,4.1,C,D,B,C,No,3.53
S1910,Olivia Miller,Male,21,Second,Science,121,1.6,A,B,E,E,No,1.32
S1911,Jacob Davis,Female,23,Second,Business,114,3.3,B,F,C,B,Yes,2.89
S1912,Liam Jackson,Female,22,First,Business,116,2.4,C,D,C,D,No,2.07
S1913,Oliver Davis,Male,19,Third,Engineering,127,1.7,C,C,D,A,No,1.34
S1914,Caden Wilson,Other,18,Fourth,Business,113,5.5,A,C,D,F,No,4.87
S1915,Lucas Taylor,Female,23,Fourth,Arts,91,2.8,D,B,B,B,No,3.08
S1916,Ethan Smith,Female,22,First,Engineering,104,4.5,B,B,E,C,No,4.33
S1917,Elijah Brown,Female,21,Fourth,Arts,98,5.7,F,D,B,D,No,5.82
S1918,Oliver Gonzalez,Female,24,Second,Arts,111,3.6,B,F,A,B,Yes,3.24
S1919,Amelia Gonzalez,Male,19,First,Engineering,94,3.5,B,B,B,D,No,3.72
S1920,Oliver Brown,Female,23,First,Science,97,1.8,A,B,C,B,No,1.86
S1921,Elijah Anderson,Male,19,Fourth,Business,115,2.2,C,A,B,C,No,1.91
S1922,Charlotte Martinez,Male,20,First,Science,104,3.1,A,D,B,C,Yes,2.98
S1923,Evelyn Johnson,Male,21,Third,Arts,100,3.9,B,F,E,C,No,3.9
S1924,Noah Thomas,Male,22,Fourth,Business,115,1.7,B,C,A,E,Yes,1.48
S1925,Noah Johnson,Female,20,Fourth,Arts,94,1.9,B,A,B,A,No,2.02
S1926,Lucas Thomas,Male,23,Third,Arts,111,3.4,B,E,E,D,Yes,3.06
S1927,Ethan Johnson,Female,23,Second,Engineering,120,5.9,B,D,C,D,No,4.92
S1928,Lucas Martin,Female,23,First,Business,89,3.5,C,B,B,A,Yes,3.93
S1929,Lucas Miller,Female,20,Third,Business,111,1.7,B,C,B,C,No,1.53
S1930,Sophia Miller,Female,20,Fourth,Science,102,2.2,F,E,D,C,No,2.16
S1931,Mason Jackson,Male,23,First,Business,99,5.5,C,B,C,A,No,5.56
S1932,Sophia Moore,Female,22,First,Arts,89,5.6,C,B,C,D,No,6.29
S1933,Mason Lopez,Female,21,Second,Science,103,3.1,B,A,C,B,Yes,3.01
S1934,Mia Jones,Male,24,Third,Business,101,3.0,E,B,E,C,No,2.97
S1935,Emma Jackson,Male,22,First,Business,86,4.6,C,D,B,B,No,5.35
S1936,Mason Jackson,Female,20,Fourth,Business,107,1.6,B,A,B,D,No,1.5
S1937,Ethan Martin,Female,23,Fourth,Arts,136,1.9,A,A,A,D,Yes,1.4
S1938,Jacob Moore,Female,23,Fourth,Arts,108,3.7,D,A,C,B,No,3.43
S1939,Liam Wilson,Female,20,Third,Business,108,2.5,B,C,C,D,Yes,2.31
S1940,Caden Lopez,Male,22,Fourth,Business,134,1.3,A,C,A,C,No,0.97
S1941,Mason Taylor,Female,20,Fourth,Engineering,91,1.4,F,C,B,E,Yes,1.54
S1942,Elijah Miller,Female,22,Third,Arts,84,1.4,B,A,B,D,No,1.67
S1943,Jacob Williams,Male,23,Second,Engineering,107,4.9,A,D,E,C,Yes,4.58
S1944,Olivia Wilson,Male,24,Second,Arts,126,3.6,F,E,A,C,No,2.86
S1945,Lucas Jackson,Male,21,Second,Business,126,3.0,B,A,C,D,No,2.38
S1946,Oliver Smith,Male,22,Second,Science,119,1.2,C,E,A,B,No,1.01
S1947,Evelyn Johnson,Female,22,Fourth,Science,104,2.3,B,B,A,B,Yes,2.21
S1948,Lucas Jackson,Male,18,Second,Science,108,1.3,C,E,D,A,Yes,1.2
S1949,Ava Johnson,Female,21,Second,Science,100,1.6,E,C,A,B,No,1.6
S1950,Evelyn Martin,Male,21,First,Arts,111,1.3,C,D,B,A,No,1.17
S1951,Isabella Thomas,Male,24,Fourth,Engineering,105,3.4,C,D,E,C,Yes,3.24
S1952,Ethan Wilson,Female,24,First,Arts,85,3.5,F,E,D,B,No,4.12
S1953,Olivia Lopez,Female,18,Second,Business,110,4.1,C,B,C,E,Yes,3.73
S1954,Sophia Davis,Female,22,Fourth,Engineering,113,5.9,E,C,B,F,Yes,5.22
S1955,Isabella Gonzalez,Female,24,Fourth,Engineering,95,5.5,A,D,C,A,No,5.79
S1956,Ethan Anderson,Male,21,Fourth,Business,127,2.4,D,B,B,E,No,1.89
S1957,Sophia Davis,Male,23,First,Engineering,99,5.6,C,B,B,E,No,5.66
S1958,Lucas Moore,Male,19,Second,Arts,129,5.1,A,A,A,D,No,3.95
S1959,Liam Jones,Female,22,Fourth,Engineering,116,1.7,C,B,D,B,No,1.47
S1960,Ethan Garcia,Female,20,First,Arts,103,1.2,B,E,C,B,Yes,1.17
S1961,Mason Lee,Male,22,Second,Engineering,96,3.7,A,E,B,E,No,3.85
S1962,Elijah Garcia,Female,20,Third,Engineering,114,5.4,C,C,D,B,No,4.74
S1963,Amelia Hernandez,Male,21,First,Engineering,123,4.5,C,F,D,B,Yes,3.66
S1964,Evelyn Davis,Male,18,Fourth,Science,122,3.3,A,E,B,A,Yes,2.7
S1965,Olivia Lee,Male,20,First,Engineering,99,5.5,A,B,A,A,Yes,5.56
S1966,Caden Garcia,Female,20,Fourth,Science,94,5.7,B,E,C,D,No,6.06
S1967,Emma Williams,Male,18,Fourth,Arts,124,4.6,B,D,C,F,Yes,3.71
S1968,Mia Moore,Female,24,Fourth,Business,89,5.6,C,D,D,C,Yes,6.29
S1969,Oliver Anderson,Male,21,First,Arts,122,1.6,D,C,A,B,No,1.31
S1970,Aiden Wilson,Male,18,First,Engineering,98,5.5,D,C,B,D,No,5.61
S1971,Emma Taylor,Male,18,Third,Business,85,4.2,E,D,C,B,Yes,4.94
S1972,Emma Jones,Female,24,First,Business,114,1.0,C,B,A,C,Yes,0.88
S1973,Ethan Brown,Male,19,Third,Engineering,93,6.0,D,D,B,C,No,6.45
S1974,Sophia Smith,Male,22,Third,Engineering,114,5.6,A,E,C,C,Yes,4.91
S1975,Lucas Johnson,Male,19,First,Engineering,120,5.2,C,D,A,A,Yes,4.33
S1976,Lucas Williams,Other,23,Fourth,Science,125,2.1,B,A,A,B,Yes,1.68
S1977,Isabella Thomas,Female,22,First,Engineering,115,1.3,F,F,B,F,No,1.13
S1978,Harper Williams,Other,23,Third,Arts,81,4.0,A,D,B,E,No,4.94
S1979,Olivia Lee,Female,19,Fourth,Arts,91,5.8,C,B,C,E,No,6.37
S1980,Aiden Martin,Female,18,Third,Science,131,4.8,B,D,D,B,No,3.66
S1981,Jacob Smith,Other,19,Third,Science,83,3.9,C,A,D,B,Yes,4.7
S1982,Amelia Johnson,Male,18,First,Business,139,5.8,B,C,D,D,No,4.17
S1983,Liam Hernandez,Male,18,Second,Arts,111,3.8,A,C,B,D,Yes,3.42
S1984,Elijah Anderson,Female,22,Second,Business,96,4.9,E,C,D,C,Yes,5.1
S1985,Evelyn Taylor,Female,23,Third,Engineering,109,5.6,F,B,C,A,Yes,5.14
S1986,Mia Garcia,Male,20,Third,Science,119,5.0,C,A,B,A,Yes,4.2
S1987,Oliver Miller,Female,23,First,Arts,115,3.2,B,B,C,A,No,2.78
S1988,Jacob Thomas,Male,24,Third,Arts,128,1.6,B,E,B,F,No,1.25
S1989,Charlotte Davis,Male,20,Third,Engineering,106,4.9,D,E,B,D,Yes,4.62
S1990,Oliver Williams,Female,19,Second,Science,115,5.0,D,A,A,F,Yes,4.35
S1991,Ava Gonzalez,Male,23,First,Arts,106,4.5,E,C,C,A,No,4.25
S1992,Liam Wilson,Female,18,Second,Arts,106,3.6,C,D,E,C,No,3.4
S1993,Lucas Taylor,Male,19,Second,Arts,121,2.9,C,A,C,D,No,2.4
S1994,Elijah Martin,Male,21,Fourth,Arts,94,1.9,A,A,A,B,Yes,2.02
S1995,Lucas Miller,Female,18,First,Business,116,3.2,D,A,C,C,Yes,2.76
S1996,Mia Jackson,Female,23,Fourth,Science,104,4.5,D,C,E,D,No,4.33
S1997,Liam Jones,Male,20,First,Business,100,5.3,D,C,B,A,No,5.3
S1998,Aiden Williams,Female,21,Fourth,Engineering,113,4.8,B,C,D,A,Yes,4.25
S1999,Evelyn Johnson,Female,19,Third,Science,124,3.5,A,C,F,D,Yes,2.82
S2000,Ethan Davis,Male,24,Fourth,Engineering,102,1.3,B,B,C,A,No,1.27
